cohort_month,Month 0,Month 1,Month 2,Month 3,Month 4,Month 5,Month 6,Month 7,Month 8,Month 9,Month 10,Month 11
2000-01,100.0,89.6,79.9,69.5,59.7,50.0,39.6,29.9,19.5,9.7,0.0,0.0
2000-02,100.0,90.0,80.0,70.0,60.0,50.0,40.0,30.0,20.0,10.0,0.0,0.0
2000-03,100.0,89.5,79.8,69.4,59.7,50.0,39.5,29.8,19.4,9.7,0.0,0.0
2000-04,100.0,89.8,79.7,69.5,59.3,49.2,39.0,28.8,18.6,8.5,0.0,0.0
2000-05,100.0,89.5,79.6,69.6,59.7,49.7,39.8,29.8,19.9,9.9,0.0,0.0
2000-06,100.0,90.0,80.0,70.0,60.0,50.0,40.0,30.0,20.0,10.0,0.0,0.0
2000-07,100.0,89.8,79.6,69.5,59.9,49.7,39.5,29.9,19.8,9.6,0.0,0.0
2000-08,100.0,90.0,80.0,70.0,60.0,50.0,40.0,30.0,20.0,10.0,0.0,0.0
2000-09,100.0,89.8,79.5,69.3,59.1,50.0,39.8,29.5,19.3,9.1,0.0,0.0
2000-10,100.0,89.6,79.2,68.8,59.7,49.4,39.0,29.9,19.5,9.1,0.0,0.0
2000-11,100.0,88.5,78.8,69.2,59.6,50.0,38.5,28.8,19.2,9.6,0.0,0.0
2000-12,100.0,89.5,79.7,69.9,59.4,49.6,39.8,29.3,19.5,9.8,0.0,0.0
2001-01,100.0,89.8,79.5,69.9,59.6,50.0,39.8,29.5,19.9,9.6,0.0,0.0
2001-02,100.0,88.2,78.4,68.6,58.8,49.0,39.2,29.4,19.6,9.8,0.0,0.0
2001-03,100.0,89.4,79.6,69.7,59.9,50.0,39.4,29.6,19.7,9.9,0.0,0.0
2001-04,100.0,90.0,80.0,70.0,60.0,50.0,40.0,30.0,20.0,10.0,0.0,0.0
2001-05,100.0,89.6,79.8,69.9,59.6,49.7,39.9,29.5,19.7,9.8,0.0,0.0
2001-06,100.0,89.5,79.7,69.9,59.4,49.7,39.9,29.4,19.6,9.8,0.0,0.0
2001-07,100.0,89.9,79.8,69.7,59.6,49.4,39.3,29.2,19.1,9.0,0.0,0.0
2001-08,100.0,88.2,78.4,68.6,58.8,49.0,39.2,29.4,19.6,9.8,0.0,0.0
2001-09,100.0,90.0,80.0,70.0,60.0,50.0,40.0,30.0,20.0,10.0,0.0,0.0
2001-10,100.0,88.5,78.7,68.9,59.0,49.2,39.3,29.5,19.7,9.8,0.0,0.0
2001-11,100.0,89.5,79.8,69.3,59.6,50.0,39.5,29.8,19.3,9.6,0.0,0.0
2001-12,100.0,89.4,79.8,69.2,59.6,50.0,39.4,29.8,19.2,9.6,0.0,0.0
2002-01,100.0,89.4,79.8,69.1,59.6,50.0,39.4,29.8,19.1,9.6,0.0,0.0
2002-02,100.0,90.0,80.0,70.0,60.0,50.0,40.0,30.0,20.0,10.0,0.0,0.0
2002-03,100.0,89.2,79.3,69.4,59.5,49.5,39.6,29.7,19.8,9.9,0.0,0.0
2002-04,100.0,89.8,79.6,69.4,59.2,50.0,39.8,29.6,19.4,9.2,0.0,0.0
2002-05,100.0,89.8,79.5,69.9,59.7,50.0,39.8,29.5,19.9,9.7,0.0,0.0
2002-06,100.0,88.9,79.2,69.4,59.7,50.0,38.9,29.2,19.4,9.7,0.0,0.0
2002-07,100.0,89.7,79.3,69.0,59.8,49.4,39.1,29.9,19.5,9.2,0.0,0.0
2002-08,100.0,89.6,79.2,68.8,59.7,49.4,39.0,29.9,19.5,9.1,0.0,0.0
2002-09,100.0,90.0,80.0,70.0,60.0,50.0,40.0,30.0,20.0,10.0,0.0,0.0
2002-10,100.0,89.7,79.5,69.9,59.6,50.0,39.7,29.5,19.9,9.6,0.0,0.0
2002-11,100.0,89.7,80.0,69.7,60.0,49.7,40.0,29.7,20.0,9.7,0.0,0.0
2002-12,100.0,89.9,79.7,69.6,59.5,50.0,39.9,29.7,19.6,9.5,0.0,0.0
2003-01,100.0,89.9,79.8,69.6,59.5,50.0,39.9,29.8,19.6,9.5,0.0,0.0
2003-02,100.0,89.3,79.5,69.7,59.8,49.2,39.3,29.5,19.7,9.8,0.0,0.0
2003-03,100.0,89.5,79.5,69.6,59.6,49.7,39.8,29.8,19.9,9.9,0.0,0.0
2003-04,100.0,89.9,79.7,69.6,59.5,49.4,39.2,29.1,19.0,8.9,0.0,0.0
2003-05,100.0,89.8,79.6,69.4,59.9,49.7,39.5,29.9,19.7,9.6,0.0,0.0
2003-06,100.0,89.8,79.6,69.4,59.9,49.7,39.5,29.9,19.7,9.5,0.0,0.0
2003-07,100.0,88.9,79.0,69.1,59.3,49.4,39.5,29.6,19.8,9.9,0.0,0.0
2003-08,100.0,89.8,79.7,69.5,59.4,50.0,39.8,29.7,19.5,9.4,0.0,0.0
2003-09,100.0,90.0,80.0,70.0,60.0,50.0,40.0,30.0,20.0,10.0,0.0,0.0
2003-10,100.0,89.3,79.5,69.6,59.8,49.1,39.3,29.5,19.6,9.8,0.0,0.0
2003-11,100.0,88.9,79.2,69.4,59.7,50.0,38.9,29.2,19.4,9.7,0.0,0.0
2003-12,100.0,89.5,79.7,69.9,59.5,49.7,39.9,29.4,19.6,9.8,0.0,0.0
2004-01,100.0,89.5,79.8,69.4,59.7,50.0,39.5,29.8,19.4,9.7,0.0,0.0
2004-02,100.0,89.7,79.4,69.1,59.8,49.5,39.2,29.9,19.6,9.3,0.0,0.0
2004-03,100.0,89.6,79.2,69.8,59.4,49.1,39.6,29.2,19.8,9.4,0.0,0.0
2004-04,100.0,89.8,79.6,69.5,59.9,49.7,39.5,29.9,19.8,9.6,0.0,0.0
2004-05,100.0,89.9,79.9,69.8,59.7,49.7,39.6,29.5,19.5,9.4,0.0,0.0
2004-06,100.0,89.6,79.8,69.9,59.5,49.7,39.9,29.5,19.7,9.8,0.0,0.0
2004-07,100.0,89.2,79.5,69.9,59.0,49.4,39.8,28.9,19.3,9.6,0.0,0.0
2004-08,100.0,89.3,78.6,69.6,58.9,48.2,39.3,28.6,19.6,8.9,0.0,0.0
2004-09,100.0,89.5,80.0,69.5,60.0,49.5,40.0,29.5,20.0,9.5,0.0,0.0
2004-10,100.0,89.5,79.8,69.3,59.6,50.0,39.5,29.8,19.3,9.6,0.0,0.0
2004-11,100.0,89.6,79.2,69.8,59.4,49.0,39.6,29.2,19.8,9.4,0.0,0.0
2004-12,100.0,89.8,79.7,69.5,59.9,49.7,39.6,29.9,19.8,9.6,0.0,0.0
2005-01,100.0,89.7,79.4,69.1,58.8,50.0,39.7,29.4,19.1,8.8,0.0,0.0
2005-02,100.0,89.7,80.0,69.7,60.0,49.7,40.0,29.7,20.0,9.7,0.0,0.0
2005-03,100.0,89.7,80.0,69.7,60.0,49.7,40.0,29.7,20.0,9.7,0.0,0.0
2005-04,100.0,89.9,79.8,69.7,59.6,50.0,39.9,29.8,19.7,9.6,0.0,0.0
2005-05,100.0,89.8,79.6,69.4,59.2,50.0,39.8,29.6,19.4,9.2,0.0,0.0
2005-06,100.0,89.5,79.6,69.8,59.9,50.0,39.5,29.6,19.8,9.9,0.0,0.0
2005-07,100.0,89.7,79.3,69.0,59.8,49.4,39.1,29.9,19.5,9.2,0.0,0.0
2005-08,100.0,89.4,79.6,69.9,59.3,49.6,39.8,29.2,19.5,9.7,0.0,0.0
2005-09,100.0,89.8,79.7,69.5,59.3,50.0,39.8,29.7,19.5,9.3,0.0,0.0
2005-10,100.0,89.7,80.0,69.7,60.0,49.7,40.0,29.7,20.0,9.7,0.0,0.0
2005-11,100.0,89.7,80.0,69.7,60.0,49.7,40.0,29.7,20.0,9.7,0.0,0.0
2005-12,100.0,89.5,79.8,69.3,59.6,50.0,39.5,29.8,19.3,9.6,0.0,0.0
2006-01,100.0,90.0,80.0,70.0,60.0,50.0,40.0,30.0,20.0,10.0,0.0,0.0
2006-02,100.0,89.5,79.6,69.6,59.7,49.7,39.8,29.8,19.9,9.9,0.0,0.0
2006-03,100.0,89.5,79.6,69.8,59.9,50.0,39.5,29.6,19.8,9.9,0.0,0.0
2006-04,100.0,89.9,79.7,69.6,59.5,50.0,39.9,29.7,19.6,9.5,0.0,0.0
2006-05,100.0,89.8,79.7,69.5,59.3,50.0,39.8,29.7,19.5,9.3,0.0,0.0
2006-06,100.0,89.9,79.9,69.8,59.8,49.7,39.6,29.6,19.5,9.5,0.0,0.0
2006-07,100.0,89.8,79.6,69.3,59.9,49.6,39.4,29.9,19.7,9.5,0.0,0.0
2006-08,100.0,89.7,79.3,69.8,59.5,49.1,39.7,29.3,19.8,9.5,0.0,0.0
2006-09,100.0,89.5,79.8,69.4,59.7,50.0,39.5,29.8,19.4,9.7,0.0,0.0
2006-10,100.0,89.4,79.8,69.1,59.6,50.0,39.4,29.8,19.1,9.6,0.0,0.0
2006-11,100.0,88.7,79.2,69.8,58.5,49.1,39.6,28.3,18.9,9.4,0.0,0.0
2006-12,100.0,89.7,79.5,69.9,59.6,50.0,39.7,29.5,19.9,9.6,0.0,0.0
2007-01,100.0,90.0,80.0,70.0,60.0,50.0,40.0,30.0,20.0,10.0,0.0,0.0
2007-02,100.0,89.9,79.8,69.7,59.6,49.5,39.4,29.3,19.2,9.1,0.0,0.0
2007-03,100.0,89.1,80.0,69.1,60.0,49.1,40.0,29.1,20.0,9.1,0.0,0.0
2007-04,100.0,89.8,79.6,69.4,59.3,50.0,39.8,29.6,19.4,9.3,0.0,0.0
2007-05,100.0,89.7,79.9,69.5,59.8,49.4,39.7,29.9,19.5,9.8,0.0,0.0
2007-06,100.0,89.6,79.7,69.8,59.9,49.5,39.6,29.7,19.8,9.9,0.0,0.0
2007-07,100.0,89.9,79.7,69.6,59.5,49.4,39.2,29.1,19.0,8.9,0.0,0.0
2007-08,100.0,89.5,79.5,69.6,59.6,49.7,39.8,29.8,19.9,9.9,0.0,0.0
2007-09,100.0,89.7,79.9,69.5,59.8,49.4,39.7,29.9,19.5,9.8,0.0,0.0
2007-10,100.0,89.5,79.1,69.8,59.3,50.0,39.5,29.1,19.8,9.3,0.0,0.0
2007-11,100.0,89.6,79.8,69.9,59.5,49.7,39.9,29.5,19.7,9.8,0.0,0.0
2007-12,100.0,90.0,80.0,70.0,60.0,50.0,40.0,30.0,20.0,10.0,0.0,0.0
2008-01,100.0,89.3,79.8,69.0,59.5,50.0,39.3,29.8,19.0,9.5,0.0,0.0
2008-02,100.0,89.7,79.4,69.9,59.6,50.0,39.7,29.4,19.9,9.6,0.0,0.0
2008-03,100.0,89.6,79.8,69.9,59.6,49.7,39.9,29.5,19.7,9.8,0.0,0.0
2008-04,100.0,89.6,79.1,68.7,59.7,49.3,38.8,29.9,19.4,9.0,0.0,0.0
2008-05,100.0,89.5,79.6,69.8,59.9,50.0,39.5,29.6,19.8,9.9,0.0,0.0
2008-06,100.0,89.7,79.5,69.2,59.0,50.0,39.7,29.5,19.2,9.0,0.0,0.0
2008-07,100.0,89.7,79.4,69.8,59.5,49.2,39.7,29.4,19.8,9.5,0.0,0.0
2008-08,100.0,89.8,79.6,69.4,59.3,50.0,39.8,29.6,19.4,9.3,0.0,0.0
2008-09,100.0,89.7,80.0,69.7,60.0,49.7,40.0,29.7,20.0,9.7,0.0,0.0
2008-10,100.0,89.7,79.9,69.6,59.8,49.5,39.7,29.9,19.6,9.8,0.0,0.0
2008-11,100.0,89.9,79.7,69.6,59.5,50.0,39.9,29.7,19.6,9.5,0.0,0.0
2008-12,100.0,88.7,78.9,69.0,59.2,49.3,39.4,29.6,19.7,9.9,0.0,0.0
2009-01,100.0,89.7,79.5,69.2,59.8,49.6,39.3,29.9,19.7,9.4,0.0,0.0
2009-02,100.0,89.8,79.7,69.5,59.3,50.0,39.8,29.7,19.5,9.3,0.0,0.0
2009-03,100.0,89.8,79.6,69.4,59.2,50.0,39.8,29.6,19.4,9.2,0.0,0.0
2009-04,100.0,90.0,80.0,70.0,60.0,50.0,40.0,30.0,20.0,10.0,0.0,0.0
2009-05,100.0,89.9,79.7,69.6,59.5,50.0,39.9,29.7,19.6,9.5,0.0,0.0
2009-06,100.0,89.6,80.0,69.6,60.0,49.6,40.0,29.6,20.0,9.6,0.0,0.0
2009-07,100.0,89.2,79.4,69.6,59.8,49.0,39.2,29.4,19.6,9.8,0.0,0.0
2009-08,100.0,89.5,79.7,69.8,59.9,50.0,39.5,29.7,19.8,9.9,0.0,0.0
2009-09,100.0,89.7,79.4,69.9,59.6,50.0,39.7,29.4,19.9,9.6,0.0,0.0
2009-10,100.0,90.0,80.0,70.0,60.0,50.0,40.0,30.0,20.0,10.0,0.0,0.0
2009-11,100.0,89.0,79.1,69.2,59.3,49.5,39.6,29.7,19.8,9.9,0.0,0.0
2009-12,100.0,89.8,79.6,69.4,59.9,49.7,39.5,29.9,19.7,9.5,0.0,0.0
2010-01,100.0,89.9,79.7,69.6,59.5,50.0,39.9,29.7,19.6,9.5,0.0,0.0
2010-02,100.0,90.0,80.0,70.0,60.0,50.0,40.0,30.0,20.0,10.0,0.0,0.0
2010-03,100.0,89.6,79.9,69.4,59.7,50.0,39.6,29.9,19.4,9.7,0.0,0.0
2010-04,100.0,89.8,79.5,69.9,59.7,50.0,39.8,29.5,19.9,9.7,0.0,0.0
2010-05,100.0,90.0,80.0,70.0,60.0,50.0,40.0,30.0,20.0,10.0,0.0,0.0
2010-06,100.0,89.2,79.6,69.9,59.1,49.5,39.8,29.0,19.4,9.7,0.0,0.0
2010-07,100.0,89.9,79.8,69.7,59.6,50.0,39.9,29.8,19.7,9.6,0.0,0.0
2010-08,100.0,89.5,79.6,69.7,59.9,50.0,39.5,29.6,19.7,9.9,0.0,0.0
2010-09,100.0,89.7,79.5,69.2,59.8,49.6,39.3,29.9,19.7,9.4,0.0,0.0
2010-10,100.0,89.9,79.8,69.7,59.6,50.0,39.9,29.8,19.7,9.6,0.0,0.0
2010-11,100.0,89.4,79.4,69.5,59.6,49.6,39.7,29.8,19.9,9.9,0.0,0.0
2010-12,100.0,89.0,79.5,69.9,58.9,49.3,39.7,28.8,19.2,9.6,0.0,0.0
2011-01,100.0,89.7,79.9,69.5,59.8,49.4,39.7,29.9,19.5,9.8,0.0,0.0
2011-02,100.0,90.0,80.0,70.0,60.0,50.0,40.0,30.0,20.0,10.0,0.0,0.0
2011-03,100.0,90.0,80.0,70.0,60.0,50.0,40.0,30.0,20.0,10.0,0.0,0.0
2011-04,100.0,89.8,79.6,69.4,59.9,49.7,39.5,29.9,19.7,9.5,0.0,0.0
2011-05,100.0,89.9,79.8,69.7,59.6,50.0,39.9,29.8,19.7,9.6,0.0,0.0
2011-06,100.0,89.4,78.8,69.7,59.1,50.0,39.4,28.8,19.7,9.1,0.0,0.0
2011-07,100.0,89.9,79.7,69.6,59.5,50.0,39.9,29.7,19.6,9.5,0.0,0.0
2011-08,100.0,89.3,79.4,69.5,59.5,49.6,39.7,29.8,19.8,9.9,0.0,0.0
2011-09,100.0,89.5,79.7,69.9,59.5,49.7,39.9,29.4,19.6,9.8,0.0,0.0
2011-10,100.0,89.7,79.4,69.1,58.8,50.0,39.7,29.4,19.1,8.8,0.0,0.0
2011-11,100.0,89.6,79.9,69.4,59.7,50.0,39.6,29.9,19.4,9.7,0.0,0.0
2011-12,100.0,89.5,78.9,68.4,59.6,49.1,38.6,29.8,19.3,8.8,0.0,0.0
2012-01,100.0,89.6,79.2,68.8,59.7,49.4,39.0,29.9,19.5,9.1,0.0,0.0
2012-02,100.0,88.9,79.6,68.5,59.3,50.0,38.9,29.6,18.5,9.3,0.0,0.0
2012-03,100.0,89.7,79.9,69.6,59.8,49.5,39.7,29.9,19.6,9.8,0.0,0.0
2012-04,100.0,90.0,80.0,70.0,60.0,50.0,40.0,30.0,20.0,10.0,0.0,0.0
2012-05,100.0,89.8,79.6,69.5,59.9,49.7,39.5,29.9,19.8,9.6,0.0,0.0
2012-06,100.0,89.8,79.6,69.9,59.7,50.0,39.8,29.6,19.9,9.7,0.0,0.0
2012-07,100.0,89.4,79.6,69.9,59.3,49.6,39.8,29.2,19.5,9.7,0.0,0.0
2012-08,100.0,90.0,80.0,70.0,60.0,50.0,40.0,30.0,20.0,10.0,0.0,0.0
2012-09,100.0,89.8,79.5,69.9,59.6,50.0,39.8,29.5,19.9,9.6,0.0,0.0
2012-10,100.0,89.8,79.6,69.4,59.9,49.7,39.5,29.9,19.7,9.5,0.0,0.0
2012-11,100.0,90.0,80.0,70.0,60.0,50.0,40.0,30.0,20.0,10.0,0.0,0.0
2012-12,100.0,89.3,79.6,69.9,59.2,49.5,39.8,29.1,19.4,9.7,0.0,0.0
2013-01,100.0,89.6,79.2,69.8,59.4,49.0,39.6,29.2,19.8,9.4,0.0,0.0
2013-02,100.0,89.9,79.9,69.8,59.8,49.7,39.7,29.6,19.6,9.5,0.0,0.0
2013-03,100.0,89.9,79.8,69.7,59.6,50.0,39.9,29.8,19.7,9.6,0.0,0.0
2013-04,100.0,89.9,79.8,69.7,59.6,50.0,39.9,29.8,19.7,9.6,0.0,0.0
2013-05,100.0,88.9,79.6,68.5,59.3,50.0,38.9,29.6,18.5,9.3,0.0,0.0
2013-06,100.0,89.9,79.7,69.6,59.4,49.3,39.1,29.0,18.8,8.7,0.0,0.0
2013-07,100.0,89.5,80.0,69.5,60.0,49.5,40.0,29.5,20.0,9.5,0.0,0.0
2013-08,100.0,88.5,78.7,68.9,59.0,49.2,39.3,29.5,19.7,9.8,0.0,0.0
2013-09,100.0,89.9,79.8,69.7,59.7,49.6,39.5,29.4,19.3,9.2,0.0,0.0
2013-10,100.0,89.4,78.8,69.7,59.1,50.0,39.4,28.8,19.7,9.1,0.0,0.0
2013-11,100.0,89.6,79.9,69.5,59.8,49.4,39.6,29.9,19.5,9.8,0.0,0.0
2013-12,100.0,89.8,79.6,69.9,59.7,50.0,39.8,29.6,19.9,9.7,0.0,0.0
2014-01,100.0,89.7,79.4,69.1,59.8,49.5,39.2,29.9,19.6,9.3,0.0,0.0
2014-02,100.0,89.8,79.6,69.4,59.9,49.7,39.5,29.9,19.7,9.6,0.0,0.0
2014-03,100.0,89.1,79.2,69.3,59.4,49.5,39.6,29.7,19.8,9.9,0.0,0.0
2014-04,100.0,89.7,80.0,69.7,60.0,49.7,40.0,29.7,20.0,9.7,0.0,0.0
2014-05,100.0,89.9,79.8,69.7,59.7,49.6,39.5,29.4,19.3,9.2,0.0,0.0
2014-06,100.0,89.4,79.5,69.5,59.6,49.7,39.7,29.8,19.9,9.9,0.0,0.0
2014-07,100.0,89.5,79.8,69.4,59.7,50.0,39.5,29.8,19.4,9.7,0.0,0.0
2014-08,100.0,89.6,79.7,69.8,59.9,49.5,39.6,29.7,19.8,9.9,0.0,0.0
2014-09,100.0,89.3,79.4,69.5,59.5,49.6,39.7,29.8,19.8,9.9,0.0,0.0
2014-10,100.0,89.4,79.4,69.5,59.6,49.6,39.7,29.8,19.9,9.9,0.0,0.0
2014-11,100.0,88.7,79.2,69.8,58.5,49.1,39.6,28.3,18.9,9.4,0.0,0.0
2014-12,100.0,89.7,79.9,69.6,59.8,49.5,39.7,29.9,19.6,9.8,0.0,0.0
2015-01,100.0,89.9,79.7,69.6,59.5,50.0,39.9,29.7,19.6,9.5,0.0,0.0
2015-02,100.0,89.7,79.4,69.1,59.8,49.5,39.2,29.9,19.6,9.3,0.0,0.0
2015-03,100.0,89.3,79.5,69.7,59.8,49.2,39.3,29.5,19.7,9.8,0.0,0.0
2015-04,100.0,89.3,79.3,69.4,59.5,49.6,39.7,29.8,19.8,9.9,0.0,0.0
2015-05,100.0,89.7,80.0,69.7,60.0,49.7,40.0,29.7,20.0,9.7,0.0,0.0
2015-06,100.0,90.0,80.0,70.0,60.0,50.0,40.0,30.0,20.0,10.0,0.0,0.0
2015-07,100.0,90.0,80.0,70.0,60.0,50.0,40.0,30.0,20.0,10.0,0.0,0.0
2015-08,100.0,89.5,79.6,69.8,59.9,50.0,39.5,29.6,19.8,9.9,0.0,0.0
2015-09,100.0,89.7,80.0,69.7,60.0,49.7,40.0,29.7,20.0,9.7,0.0,0.0
2015-10,100.0,89.3,79.3,69.4,59.5,49.6,39.7,29.8,19.8,9.9,0.0,0.0
2015-11,100.0,89.8,79.6,69.9,59.7,50.0,39.8,29.6,19.9,9.7,0.0,0.0
2015-12,100.0,89.3,79.5,69.6,59.8,49.1,39.3,29.5,19.6,9.8,0.0,0.0
2016-01,100.0,89.7,79.3,69.0,59.8,49.4,39.1,29.9,19.5,9.2,0.0,0.0
2016-02,100.0,89.7,79.3,69.8,59.5,49.1,39.7,29.3,19.8,9.5,0.0,0.0
2016-03,100.0,89.8,79.7,69.5,59.3,50.0,39.8,29.7,19.5,9.3,0.0,0.0
2016-04,100.0,88.7,79.0,69.4,59.7,50.0,38.7,29.0,19.4,9.7,0.0,0.0
2016-05,100.0,90.0,80.0,70.0,60.0,50.0,40.0,30.0,20.0,10.0,0.0,0.0
2016-06,100.0,89.6,79.8,69.9,59.5,49.7,39.9,29.4,19.6,9.8,0.0,0.0
2016-07,100.0,88.7,78.9,69.0,59.2,49.3,39.4,29.6,19.7,9.9,0.0,0.0
2016-08,100.0,89.4,79.6,69.7,59.9,50.0,39.4,29.6,19.7,9.9,0.0,0.0
2016-09,100.0,89.7,79.3,69.8,59.5,49.1,39.7,29.3,19.8,9.5,0.0,0.0
2016-10,100.0,89.3,79.6,69.9,59.2,49.5,39.8,29.1,19.4,9.7,0.0,0.0
2016-11,100.0,89.8,79.7,69.5,59.9,49.7,39.6,29.9,19.8,9.6,0.0,0.0
2016-12,100.0,89.0,79.1,69.2,59.3,49.5,39.6,29.7,19.8,9.9,0.0,0.0
2017-01,100.0,89.4,79.6,69.9,59.3,49.6,39.8,29.2,19.5,9.7,0.0,0.0
2017-02,100.0,89.7,80.0,69.7,60.0,49.7,40.0,29.7,20.0,9.7,0.0,0.0
2017-03,100.0,90.0,80.0,70.0,60.0,50.0,40.0,30.0,20.0,10.0,0.0,0.0
2017-04,100.0,89.3,79.8,69.0,59.5,50.0,39.3,29.8,19.0,9.5,0.0,0.0
2017-05,100.0,89.9,79.7,69.6,59.5,49.4,39.2,29.1,19.0,8.9,0.0,0.0
2017-06,100.0,89.6,79.2,69.8,59.4,49.1,39.6,29.2,19.8,9.4,0.0,0.0
2017-07,100.0,89.6,79.2,69.8,59.4,49.0,39.6,29.2,19.8,9.4,0.0,0.0
2017-08,100.0,89.7,79.4,69.1,58.8,50.0,39.7,29.4,19.1,8.8,0.0,0.0
2017-09,100.0,89.6,79.8,69.9,59.5,49.7,39.9,29.4,19.6,9.8,0.0,0.0
2017-10,100.0,89.5,78.9,68.4,59.6,49.1,38.6,29.8,19.3,8.8,0.0,0.0
2017-11,100.0,89.3,80.0,69.3,60.0,49.3,40.0,29.3,20.0,9.3,0.0,0.0
2017-12,100.0,89.5,79.6,69.8,59.9,50.0,39.5,29.6,19.8,9.9,0.0,0.0
2018-01,100.0,90.0,80.0,70.0,60.0,50.0,40.0,30.0,20.0,10.0,0.0,0.0
2018-02,100.0,89.9,79.7,69.6,59.5,49.4,39.2,29.1,19.0,8.9,0.0,0.0
2018-03,100.0,89.7,79.9,69.6,59.8,49.5,39.7,29.9,19.6,9.8,0.0,0.0
2018-04,100.0,89.7,79.3,69.8,59.5,49.1,39.7,29.3,19.8,9.5,0.0,0.0
2018-05,100.0,89.5,79.8,69.3,59.6,50.0,39.5,29.8,19.3,9.6,0.0,0.0
2018-06,100.0,89.4,80.0,69.4,60.0,49.4,40.0,29.4,20.0,9.4,0.0,0.0
2018-07,100.0,89.2,79.7,68.9,59.5,50.0,39.2,29.7,18.9,9.5,0.0,0.0
2018-08,100.0,89.5,79.1,69.8,59.3,50.0,39.5,29.1,19.8,9.3,0.0,0.0
2018-09,100.0,90.0,80.0,70.0,60.0,50.0,40.0,30.0,20.0,10.0,0.0,0.0
2018-10,100.0,89.6,79.7,69.8,59.9,49.5,39.6,29.7,19.8,9.9,0.0,0.0
2018-11,100.0,89.5,79.1,69.8,59.3,50.0,39.5,29.1,19.8,9.3,0.0,0.0
2018-12,100.0,90.0,80.0,70.0,60.0,50.0,40.0,30.0,20.0,10.0,0.0,0.0
2019-01,100.0,89.7,80.0,69.7,60.0,49.7,40.0,29.7,20.0,9.7,0.0,0.0
2019-02,100.0,89.6,79.7,69.8,59.9,50.0,39.6,29.7,19.8,9.9,0.0,0.0
2019-03,100.0,89.8,79.7,69.5,59.9,49.7,39.5,29.9,19.8,9.6,0.0,0.0
2019-04,100.0,89.8,79.5,69.9,59.7,50.0,39.8,29.5,19.9,9.7,0.0,0.0
2019-05,100.0,90.0,80.0,70.0,60.0,50.0,40.0,30.0,20.0,10.0,0.0,0.0
2019-06,100.0,89.3,79.8,69.0,59.5,50.0,39.3,29.8,19.0,9.5,0.0,0.0
2019-07,100.0,89.5,79.7,69.9,59.5,49.7,39.9,29.4,19.6,9.8,0.0,0.0
2019-08,100.0,88.9,79.2,69.4,59.7,50.0,38.9,29.2,19.4,9.7,0.0,0.0
2019-09,100.0,89.7,79.3,69.0,58.6,48.3,39.7,29.3,19.0,8.6,0.0,0.0
2019-10,100.0,89.2,79.5,69.9,59.0,49.4,39.8,28.9,19.3,9.6,0.0,0.0
2019-11,100.0,89.8,79.7,69.5,59.9,49.7,39.5,29.9,19.8,9.6,0.0,0.0
2019-12,100.0,88.7,79.2,69.8,58.5,49.1,39.6,28.3,18.9,9.4,0.0,0.0
2020-01,100.0,89.4,79.5,69.5,59.6,49.7,39.7,29.8,19.9,9.9,0.0,0.0
2020-02,100.0,89.5,79.8,69.4,59.7,50.0,39.5,29.8,19.4,9.7,0.0,0.0
2020-03,100.0,89.9,79.7,69.6,59.5,50.0,39.9,29.7,19.6,9.5,0.0,0.0
2020-04,100.0,89.3,79.3,69.4,59.5,49.6,39.7,29.8,19.8,9.9,0.0,0.0
2020-05,100.0,88.5,78.8,69.2,59.6,50.0,38.5,28.8,19.2,9.6,0.0,0.0
2020-06,100.0,89.5,79.6,69.6,59.7,49.7,39.8,29.8,19.9,9.9,0.0,0.0
2020-07,100.0,89.2,79.5,69.9,59.0,49.4,39.8,28.9,19.3,9.6,0.0,0.0
2020-08,100.0,89.4,79.8,69.1,59.6,50.0,39.4,29.8,19.1,9.6,0.0,0.0
2020-09,100.0,90.0,80.0,70.0,60.0,50.0,40.0,30.0,20.0,10.0,0.0,0.0
2020-10,100.0,89.4,79.5,69.7,59.8,50.0,39.4,29.5,19.7,9.8,0.0,0.0
2020-11,100.0,89.5,79.7,69.8,59.9,50.0,39.5,29.7,19.8,9.9,0.0,0.0
2020-12,100.0,89.4,79.5,69.5,59.6,49.7,39.7,29.8,19.9,9.9,0.0,0.0
2021-01,100.0,89.2,80.0,69.2,60.0,49.2,40.0,29.2,20.0,9.2,0.0,0.0
2021-02,100.0,89.6,80.0,69.6,60.0,49.6,40.0,29.6,20.0,9.6,0.0,0.0
2021-03,100.0,89.7,79.9,69.6,59.8,49.5,39.7,29.9,19.6,9.8,0.0,0.0
2021-04,100.0,89.9,79.8,69.6,59.5,50.0,39.9,29.8,19.6,9.5,0.0,0.0
2021-05,100.0,89.6,79.8,69.9,59.5,49.7,39.9,29.5,19.7,9.8,0.0,0.0
2021-06,100.0,89.6,79.8,69.9,59.6,49.7,39.9,29.5,19.7,9.8,0.0,0.0
2021-07,100.0,89.4,79.5,69.5,59.6,49.7,39.7,29.8,19.9,9.9,0.0,0.0
2021-08,100.0,89.6,80.0,69.6,60.0,49.6,40.0,29.6,20.0,9.6,0.0,0.0
2021-09,100.0,88.7,79.0,69.4,59.7,50.0,38.7,29.0,19.4,9.7,0.0,0.0
2021-10,100.0,90.0,80.0,70.0,60.0,50.0,40.0,30.0,20.0,10.0,0.0,0.0
2021-11,100.0,89.2,79.5,69.9,59.0,49.4,39.8,28.9,19.3,9.6,0.0,0.0
2021-12,100.0,89.8,79.5,69.3,59.1,50.0,39.8,29.5,19.3,9.1,0.0,0.0
2022-01,100.0,89.7,80.0,69.7,60.0,49.7,40.0,29.7,20.0,9.7,0.0,0.0
2022-02,100.0,89.9,79.9,69.8,59.8,49.7,39.6,29.6,19.5,9.5,0.0,0.0
2022-03,100.0,89.7,80.0,69.7,60.0,49.7,40.0,29.7,20.0,9.7,0.0,0.0
2022-04,100.0,89.4,79.8,69.2,59.6,50.0,39.4,29.8,19.2,9.6,0.0,0.0
2022-05,100.0,89.5,78.9,69.7,59.2,50.0,39.5,28.9,19.7,9.2,0.0,0.0
2022-06,100.0,89.8,79.6,69.5,59.9,49.7,39.5,29.9,19.8,9.6,0.0,0.0
2022-07,100.0,89.2,79.4,69.6,59.8,49.0,39.2,29.4,19.6,9.8,0.0,0.0
2022-08,100.0,89.8,79.5,69.3,59.1,50.0,39.8,29.5,19.3,9.1,0.0,0.0
2022-09,100.0,89.5,79.8,69.3,59.6,50.0,39.5,29.8,19.3,9.6,0.0,0.0
2022-10,100.0,89.7,79.9,69.6,59.8,49.5,39.7,29.9,19.6,9.8,0.0,0.0
2022-11,100.0,88.7,79.0,69.4,59.7,50.0,38.7,29.0,19.4,9.7,0.0,0.0
2022-12,100.0,90.0,80.0,70.0,60.0,50.0,40.0,30.0,20.0,10.0,0.0,0.0
2023-01,100.0,89.8,79.6,69.9,59.7,50.0,39.8,29.6,19.9,9.7,0.0,0.0
2023-02,100.0,89.2,79.4,69.6,59.8,49.0,39.2,29.4,19.6,9.8,0.0,0.0
2023-03,100.0,89.7,79.4,69.1,58.8,50.0,39.7,29.4,19.1,8.8,0.0,0.0
2023-04,100.0,89.6,79.2,69.8,59.4,49.1,39.6,29.2,19.8,9.4,0.0,0.0
2023-05,100.0,89.2,79.7,68.9,59.5,50.0,39.2,29.7,18.9,9.5,0.0,0.0
2023-06,100.0,90.0,80.0,70.0,60.0,50.0,40.0,30.0,20.0,10.0,0.0,0.0
2023-07,100.0,90.0,80.0,70.0,60.0,50.0,40.0,30.0,20.0,10.0,0.0,0.0
2023-08,100.0,88.9,79.2,69.4,59.7,50.0,38.9,29.2,19.4,9.7,0.0,0.0
2023-09,100.0,88.9,79.0,69.1,59.3,49.4,39.5,29.6,19.8,9.9,0.0,0.0
2023-10,100.0,89.4,79.7,69.9,59.3,49.6,39.8,29.3,19.5,9.8,0.0,0.0
2023-11,100.0,89.8,79.7,69.5,59.3,49.2,39.0,28.8,18.6,8.5,0.0,0.0
2023-12,100.0,89.3,79.6,69.9,59.2,49.5,39.8,29.1,19.4,9.7,0.0,0.0
2024-01,100.0,89.1,79.2,69.3,59.4,49.5,39.6,29.7,19.8,9.9,0.0,0.0
2024-02,100.0,89.8,79.7,69.5,59.9,49.7,39.6,29.9,19.8,9.6,0.0,0.0
2024-03,100.0,89.6,79.8,69.9,59.5,49.7,39.9,29.4,19.6,9.8,0.0,0.0
2024-04,100.0,88.9,79.4,69.8,58.7,49.2,39.7,28.6,19.0,9.5,0.0,0.0
2024-05,100.0,89.9,79.9,69.8,59.7,49.7,39.6,29.6,19.5,9.4,0.0,0.0
2024-06,100.0,89.2,79.4,69.6,59.8,49.0,39.2,29.4,19.6,9.8,0.0,0.0
2024-07,100.0,89.8,79.7,69.5,59.4,50.0,39.8,29.7,19.5,9.4,0.0,0.0
2024-08,100.0,88.7,78.9,69.0,59.2,49.3,39.4,29.6,19.7,9.9,0.0,0.0
2024-09,100.0,89.9,79.7,69.6,59.5,49.4,39.2,29.1,19.0,8.9,0.0,0.0
2024-10,100.0,88.7,79.2,69.8,58.5,49.1,39.6,28.3,18.9,9.4,0.0,0.0
2024-11,100.0,89.8,79.6,69.4,59.3,50.0,39.8,29.6,19.4,9.3,0.0,0.0
2024-12,100.0,89.5,78.9,68.4,59.6,49.1,38.6,29.8,19.3,8.8,0.0,0.0
2025-01,100.0,88.5,78.7,68.9,59.0,49.2,39.3,29.5,19.7,9.8,0.0,0.0
2025-02,100.0,89.9,79.8,69.6,59.5,50.0,39.9,29.8,19.6,9.5,0.0,0.0
2025-03,100.0,89.2,79.5,69.9,59.0,49.4,39.8,28.9,19.3,9.6,0.0,0.0
2025-04,100.0,89.3,79.4,69.5,59.5,49.6,39.7,29.8,19.8,9.9,0.0,0.0
2025-05,100.0,89.8,79.6,69.4,59.9,49.7,39.5,29.9,19.7,9.5,0.0,0.0
2025-06,100.0,89.8,79.5,69.9,59.7,50.0,39.8,29.5,19.9,9.7,0.0,0.0
2025-07,100.0,89.5,79.8,69.4,59.7,50.0,39.5,29.8,19.4,9.7,0.0,0.0
2025-08,100.0,89.6,79.9,69.5,59.7,50.0,39.6,29.9,19.5,9.7,0.0,0.0
2025-09,100.0,89.8,79.6,69.4,59.2,50.0,39.8,29.6,19.4,9.2,0.0,0.0
2025-10,100.0,89.8,79.7,69.5,59.4,50.0,39.8,29.7,19.5,9.4,0.0,0.0
2025-11,100.0,89.4,79.6,69.7,59.9,50.0,39.4,29.6,19.7,9.9,0.0,0.0
2025-12,100.0,89.6,79.1,68.7,59.7,49.3,38.8,29.9,19.4,9.0,0.0,0.0
2026-01,100.0,89.7,80.0,69.7,60.0,49.7,40.0,29.7,20.0,9.7,0.0,0.0
2026-02,100.0,89.7,79.3,69.0,59.8,49.4,39.1,29.9,19.5,9.2,0.0,0.0
2026-03,100.0,89.7,79.4,69.9,59.6,50.0,39.7,29.4,19.9,9.6,0.0,0.0
2026-04,100.0,89.8,79.6,69.3,59.9,49.6,39.4,29.9,19.7,9.5,0.0,0.0
2026-05,100.0,89.9,79.8,69.7,59.6,49.5,39.4,29.3,19.2,9.1,0.0,0.0
2026-06,100.0,89.5,78.9,68.4,59.6,49.1,38.6,29.8,19.3,8.8,0.0,0.0
2026-07,100.0,89.6,79.8,69.9,59.6,49.7,39.9,29.5,19.7,9.8,0.0,0.0
2026-08,100.0,89.8,79.7,69.5,59.3,50.0,39.8,29.7,19.5,9.3,0.0,0.0
2026-09,100.0,90.0,80.0,70.0,60.0,50.0,40.0,30.0,20.0,10.0,0.0,0.0
2026-10,100.0,89.4,79.6,69.9,59.3,49.6,39.8,29.2,19.5,9.7,0.0,0.0
2026-11,100.0,89.9,79.8,69.7,59.6,50.0,39.9,29.8,19.7,9.6,0.0,0.0
2026-12,100.0,90.0,80.0,70.0,60.0,50.0,40.0,30.0,20.0,10.0,0.0,0.0
2027-01,100.0,89.5,79.8,69.3,59.6,50.0,39.5,29.8,19.3,9.6,0.0,0.0
2027-02,100.0,89.7,79.5,69.9,59.6,50.0,39.7,29.5,19.9,9.6,0.0,0.0
2027-03,100.0,89.8,79.6,69.9,59.7,50.0,39.8,29.6,19.9,9.7,0.0,0.0
2027-04,100.0,89.8,79.6,69.9,59.7,50.0,39.8,29.6,19.9,9.7,0.0,0.0
2027-05,100.0,89.9,79.9,69.8,59.7,49.7,39.6,29.5,19.5,9.4,0.0,0.0
2027-06,100.0,89.3,79.4,69.5,59.5,49.6,39.7,29.8,19.8,9.9,0.0,0.0
2027-07,100.0,89.6,79.7,69.8,59.9,49.5,39.6,29.7,19.8,9.9,0.0,0.0
2027-08,100.0,90.0,80.0,70.0,60.0,50.0,40.0,30.0,20.0,10.0,0.0,0.0
2027-09,100.0,90.0,80.0,70.0,60.0,50.0,40.0,30.0,20.0,10.0,0.0,0.0
2027-10,100.0,89.4,79.5,69.7,59.8,50.0,39.4,29.5,19.7,9.8,0.0,0.0
2027-11,100.0,89.4,79.5,69.6,59.6,49.7,39.8,29.8,19.9,9.9,0.0,0.0
2027-12,100.0,89.5,80.0,69.5,60.0,49.5,40.0,29.5,20.0,9.5,0.0,0.0
2028-01,100.0,89.7,79.9,69.6,59.8,49.5,39.7,29.9,19.6,9.8,0.0,0.0
2028-02,100.0,89.9,79.8,69.7,59.6,49.5,39.4,29.4,19.3,9.2,0.0,0.0
2028-03,100.0,89.9,79.9,69.8,59.8,49.7,39.6,29.6,19.5,9.5,0.0,0.0
2028-04,100.0,89.8,79.7,69.5,59.9,49.7,39.6,29.9,19.8,9.6,0.0,0.0
2028-05,100.0,88.9,79.2,69.4,59.7,50.0,38.9,29.2,19.4,9.7,0.0,0.0
2028-06,100.0,89.9,79.8,69.7,59.6,50.0,39.9,29.8,19.7,9.6,0.0,0.0
2028-07,100.0,88.7,79.0,69.4,59.7,50.0,38.7,29.0,19.4,9.7,0.0,0.0
2028-08,100.0,90.0,80.0,70.0,60.0,50.0,40.0,30.0,20.0,10.0,0.0,0.0
2028-09,100.0,89.0,79.5,69.9,58.9,49.3,39.7,28.8,19.2,9.6,0.0,0.0
2028-10,100.0,89.8,79.6,69.4,59.9,49.7,39.5,29.9,19.7,9.6,0.0,0.0
2028-11,100.0,90.0,80.0,70.0,60.0,50.0,40.0,30.0,20.0,10.0,0.0,0.0
2028-12,100.0,89.4,78.8,69.7,59.1,50.0,39.4,28.8,19.7,9.1,0.0,0.0
2029-01,100.0,89.2,79.7,68.9,59.5,50.0,39.2,29.7,18.9,9.5,0.0,0.0
2029-02,100.0,89.5,79.7,69.9,59.4,49.7,39.9,29.4,19.6,9.8,0.0,0.0
2029-03,100.0,90.0,80.0,70.0,60.0,50.0,40.0,30.0,20.0,10.0,0.0,0.0
2029-04,100.0,89.5,79.7,69.9,59.4,49.6,39.8,29.3,19.5,9.8,0.0,0.0
2029-05,100.0,89.9,79.9,69.8,59.8,49.7,39.7,29.6,19.6,9.5,0.0,0.0
2029-06,100.0,89.5,79.1,69.8,59.3,50.0,39.5,29.1,19.8,9.3,0.0,0.0
2029-07,100.0,89.0,79.1,69.2,59.3,49.5,39.6,29.7,19.8,9.9,0.0,0.0
2029-08,100.0,89.7,79.9,69.6,59.8,49.5,39.7,29.9,19.6,9.8,0.0,0.0
2029-09,100.0,90.0,80.0,70.0,60.0,50.0,40.0,30.0,20.0,10.0,0.0,0.0
2029-10,100.0,89.7,79.4,69.1,59.8,49.5,39.2,29.9,19.6,9.3,0.0,0.0
2029-11,100.0,89.5,79.6,69.7,59.9,50.0,39.5,29.6,19.7,9.9,0.0,0.0
2029-12,100.0,89.6,79.2,68.8,59.7,49.4,39.0,29.9,19.5,9.1,0.0,0.0
2030-01,100.0,90.0,80.0,70.0,60.0,50.0,40.0,30.0,20.0,10.0,0.0,0.0
2030-02,100.0,89.9,79.7,69.6,59.5,50.0,39.9,29.7,19.6,9.5,0.0,0.0
2030-03,100.0,89.6,79.2,69.8,59.4,49.0,39.6,29.2,19.8,9.4,0.0,0.0
2030-04,100.0,89.7,80.0,69.7,60.0,49.7,40.0,29.7,20.0,9.7,0.0,0.0
2030-05,100.0,89.6,79.9,69.5,59.7,50.0,39.6,29.9,19.5,9.7,0.0,0.0
2030-06,100.0,89.6,79.8,69.9,59.5,49.7,39.9,29.5,19.7,9.8,0.0,0.0
2030-07,100.0,88.7,79.0,69.4,59.7,50.0,38.7,29.0,19.4,9.7,0.0,0.0
2030-08,100.0,90.0,80.0,70.0,60.0,50.0,40.0,30.0,20.0,10.0,0.0,0.0
2030-09,100.0,89.9,79.9,69.8,59.7,49.7,39.6,29.5,19.5,9.4,0.0,0.0
2030-10,100.0,90.0,80.0,70.0,60.0,50.0,40.0,30.0,20.0,10.0,0.0,0.0
2030-11,100.0,89.9,79.9,69.8,59.8,49.7,39.7,29.6,19.6,9.5,0.0,0.0
2030-12,100.0,89.2,80.0,69.2,60.0,49.2,40.0,29.2,20.0,9.2,0.0,0.0
2031-01,100.0,89.8,79.6,69.9,59.7,50.0,39.8,29.6,19.9,9.7,0.0,0.0
2031-02,100.0,89.3,79.5,69.7,59.8,49.2,39.3,29.5,19.7,9.8,0.0,0.0
2031-03,100.0,89.3,79.6,69.9,59.2,49.5,39.8,29.1,19.4,9.7,0.0,0.0
2031-04,100.0,89.9,79.9,69.8,59.7,49.7,39.6,29.5,19.5,9.4,0.0,0.0
2031-05,100.0,89.9,79.7,69.6,59.5,50.0,39.9,29.7,19.6,9.5,0.0,0.0
2031-06,100.0,89.7,79.4,69.9,59.6,50.0,39.7,29.4,19.9,9.6,0.0,0.0
2031-07,100.0,89.8,79.6,69.9,59.7,50.0,39.8,29.6,19.9,9.7,0.0,0.0
2031-08,100.0,89.5,78.9,68.4,59.6,49.1,38.6,29.8,19.3,8.8,0.0,0.0
2031-09,100.0,89.3,78.6,69.6,58.9,48.2,39.3,28.6,19.6,8.9,0.0,0.0
2031-10,100.0,89.4,80.0,69.4,60.0,49.4,40.0,29.4,20.0,9.4,0.0,0.0
2031-11,100.0,89.6,79.1,68.7,59.7,49.3,38.8,29.9,19.4,9.0,0.0,0.0
2031-12,100.0,88.5,78.8,69.2,59.6,50.0,38.5,28.8,19.2,9.6,0.0,0.0
2032-01,100.0,89.6,79.2,68.8,59.7,49.4,39.0,29.9,19.5,9.1,0.0,0.0
2032-02,100.0,89.9,79.8,69.7,59.7,49.6,39.5,29.4,19.3,9.2,0.0,0.0
2032-03,100.0,89.9,79.8,69.7,59.6,50.0,39.9,29.8,19.7,9.6,0.0,0.0
2032-04,100.0,89.6,79.2,68.8,59.7,49.4,39.0,29.9,19.5,9.1,0.0,0.0
2032-05,100.0,89.3,79.6,69.9,59.2,49.5,39.8,29.1,19.4,9.7,0.0,0.0
2032-06,100.0,89.5,79.8,69.3,59.6,50.0,39.5,29.8,19.3,9.6,0.0,0.0
2032-07,100.0,89.9,79.9,69.8,59.7,49.7,39.6,29.5,19.5,9.4,0.0,0.0
2032-08,100.0,90.0,80.0,70.0,60.0,50.0,40.0,30.0,20.0,10.0,0.0,0.0
2032-09,100.0,88.7,79.0,69.4,59.7,50.0,38.7,29.0,19.4,9.7,0.0,0.0
2032-10,100.0,89.6,79.2,69.8,59.4,49.1,39.6,29.2,19.8,9.4,0.0,0.0
2032-11,100.0,89.8,79.6,69.4,59.2,50.0,39.8,29.6,19.4,9.2,0.0,0.0
2032-12,100.0,89.8,79.6,69.5,59.9,49.7,39.5,29.9,19.8,9.6,0.0,0.0
2033-01,100.0,89.3,79.6,69.9,59.2,49.5,39.8,29.1,19.4,9.7,0.0,0.0
2033-02,100.0,89.8,79.7,69.5,59.9,49.7,39.6,29.9,19.8,9.6,0.0,0.0
2033-03,100.0,89.2,79.4,69.6,59.8,49.0,39.2,29.4,19.6,9.8,0.0,0.0
2033-04,100.0,89.2,79.6,69.9,59.1,49.5,39.8,29.0,19.4,9.7,0.0,0.0
2033-05,100.0,89.6,79.2,69.8,59.4,49.0,39.6,29.2,19.8,9.4,0.0,0.0
2033-06,100.0,89.2,79.4,69.6,59.8,49.0,39.2,29.4,19.6,9.8,0.0,0.0
2033-07,100.0,89.4,79.7,69.9,59.3,49.6,39.8,29.3,19.5,9.8,0.0,0.0
2033-08,100.0,89.5,80.0,69.5,60.0,49.5,40.0,29.5,20.0,9.5,0.0,0.0
2033-09,100.0,88.7,79.0,69.4,59.7,50.0,38.7,29.0,19.4,9.7,0.0,0.0
2033-10,100.0,89.4,79.5,69.5,59.6,49.7,39.7,29.8,19.9,9.9,0.0,0.0
2033-11,100.0,89.0,79.5,69.9,58.9,49.3,39.7,28.8,19.2,9.6,0.0,0.0
2033-12,100.0,88.2,78.4,68.6,58.8,49.0,39.2,29.4,19.6,9.8,0.0,0.0
2034-01,100.0,90.0,80.0,70.0,60.0,50.0,40.0,30.0,20.0,10.0,0.0,0.0
2034-02,100.0,89.9,79.9,69.8,59.7,49.7,39.6,29.5,19.5,9.4,0.0,0.0
2034-03,100.0,89.5,79.6,69.6,59.7,49.7,39.8,29.8,19.9,9.9,0.0,0.0
2034-04,100.0,89.8,79.7,69.5,59.9,49.7,39.6,29.9,19.8,9.6,0.0,0.0
2034-05,100.0,90.0,80.0,70.0,60.0,50.0,40.0,30.0,20.0,10.0,0.0,0.0
2034-06,100.0,90.0,80.0,70.0,60.0,50.0,40.0,30.0,20.0,10.0,0.0,0.0
2034-07,100.0,89.4,79.5,69.5,59.6,49.7,39.7,29.8,19.9,9.9,0.0,0.0
2034-08,100.0,89.4,78.8,69.7,59.1,50.0,39.4,28.8,19.7,9.1,0.0,0.0
2034-09,100.0,88.5,78.7,68.9,59.0,49.2,39.3,29.5,19.7,9.8,0.0,0.0
2034-10,100.0,89.7,80.0,69.7,60.0,49.7,40.0,29.7,20.0,9.7,0.0,0.0
2034-11,100.0,89.0,79.5,69.9,58.9,49.3,39.7,28.8,19.2,9.6,0.0,0.0
2034-12,100.0,89.7,79.5,69.2,59.0,50.0,39.7,29.5,19.2,9.0,0.0,0.0
2035-01,100.0,89.5,79.5,69.6,59.6,49.7,39.8,29.8,19.9,9.9,0.0,0.0
2035-02,100.0,89.9,79.9,69.8,59.7,49.6,39.6,29.5,19.4,9.4,0.0,0.0
2035-03,100.0,89.5,79.8,69.3,59.6,50.0,39.5,29.8,19.3,9.6,0.0,0.0
2035-04,100.0,89.5,79.7,69.9,59.4,49.6,39.8,29.3,19.5,9.8,0.0,0.0
2035-05,100.0,89.9,79.8,69.6,59.5,50.0,39.9,29.8,19.6,9.5,0.0,0.0
2035-06,100.0,89.2,80.0,69.2,60.0,49.2,40.0,29.2,20.0,9.2,0.0,0.0
2035-07,100.0,89.5,79.7,69.9,59.5,49.7,39.9,29.4,19.6,9.8,0.0,0.0
2035-08,100.0,89.4,79.4,69.5,59.6,49.6,39.7,29.8,19.9,9.9,0.0,0.0
2035-09,100.0,89.5,78.9,69.7,59.2,50.0,39.5,28.9,19.7,9.2,0.0,0.0
2035-10,100.0,89.6,79.8,69.9,59.6,49.7,39.9,29.5,19.7,9.8,0.0,0.0
2035-11,100.0,89.7,79.9,69.6,59.8,49.5,39.7,29.9,19.6,9.8,0.0,0.0
2035-12,100.0,89.0,79.3,69.5,59.8,48.8,39.0,29.3,19.5,9.8,0.0,0.0
2036-01,100.0,89.4,79.8,69.2,59.6,50.0,39.4,29.8,19.2,9.6,0.0,0.0
2036-02,100.0,89.3,78.6,69.6,58.9,48.2,39.3,28.6,19.6,8.9,0.0,0.0
2036-03,100.0,89.6,79.2,69.8,59.4,49.1,39.6,29.2,19.8,9.4,0.0,0.0
2036-04,100.0,89.7,80.0,69.7,60.0,49.7,40.0,29.7,20.0,9.7,0.0,0.0
2036-05,100.0,88.5,78.7,68.9,59.0,49.2,39.3,29.5,19.7,9.8,0.0,0.0
2036-06,100.0,89.2,80.0,69.2,60.0,49.2,40.0,29.2,20.0,9.2,0.0,0.0
2036-07,100.0,89.1,79.3,69.6,59.8,48.9,39.1,29.3,19.6,9.8,0.0,0.0
2036-08,100.0,89.8,79.5,69.9,59.6,50.0,39.8,29.5,19.9,9.6,0.0,0.0
2036-09,100.0,89.7,79.9,69.6,59.8,49.5,39.7,29.9,19.6,9.8,0.0,0.0
2036-10,100.0,90.0,80.0,70.0,60.0,50.0,40.0,30.0,20.0,10.0,0.0,0.0
2036-11,100.0,90.0,80.0,70.0,60.0,50.0,40.0,30.0,20.0,10.0,0.0,0.0
2036-12,100.0,89.5,79.8,69.4,59.7,50.0,39.5,29.8,19.4,9.7,0.0,0.0
2037-01,100.0,89.5,78.9,68.4,59.6,49.1,38.6,29.8,19.3,8.8,0.0,0.0
2037-02,100.0,89.4,79.8,69.1,59.6,50.0,39.4,29.8,19.1,9.6,0.0,0.0
2037-03,100.0,89.8,79.6,69.4,59.3,50.0,39.8,29.6,19.4,9.3,0.0,0.0
2037-04,100.0,89.5,79.6,69.6,59.7,49.7,39.8,29.8,19.9,9.9,0.0,0.0
2037-05,100.0,89.5,79.7,69.9,59.5,49.7,39.9,29.4,19.6,9.8,0.0,0.0
2037-06,100.0,89.8,79.6,69.4,59.9,49.7,39.5,29.9,19.7,9.5,0.0,0.0
2037-07,100.0,89.8,79.7,69.5,59.4,50.0,39.8,29.7,19.5,9.4,0.0,0.0
2037-08,100.0,89.6,79.8,69.9,59.5,49.7,39.9,29.5,19.7,9.8,0.0,0.0
2037-09,100.0,88.7,79.2,69.8,58.5,49.1,39.6,28.3,18.9,9.4,0.0,0.0
2037-10,100.0,89.9,79.9,69.8,59.7,49.6,39.6,29.5,19.4,9.4,0.0,0.0
2037-11,100.0,89.5,79.7,69.9,59.5,49.7,39.9,29.4,19.6,9.8,0.0,0.0
2037-12,100.0,89.8,79.6,69.9,59.7,50.0,39.8,29.6,19.9,9.7,0.0,0.0
2038-01,100.0,89.9,79.8,69.6,59.5,50.0,39.9,29.8,19.6,9.5,0.0,0.0
2038-02,100.0,89.6,79.7,69.8,59.9,50.0,39.6,29.7,19.8,9.9,0.0,0.0
2038-03,100.0,89.5,80.0,69.5,60.0,49.5,40.0,29.5,20.0,9.5,0.0,0.0
2038-04,100.0,89.7,80.0,69.7,60.0,49.7,40.0,29.7,20.0,9.7,0.0,0.0
2038-05,100.0,89.5,79.8,69.4,59.7,50.0,39.5,29.8,19.4,9.7,0.0,0.0
2038-06,100.0,89.6,79.7,69.8,59.9,49.5,39.6,29.7,19.8,9.9,0.0,0.0
2038-07,100.0,88.9,79.0,69.1,59.3,49.4,39.5,29.6,19.8,9.9,0.0,0.0
2038-08,100.0,89.6,79.2,68.8,59.7,49.4,39.0,29.9,19.5,9.1,0.0,0.0
2038-09,100.0,88.7,78.9,69.0,59.2,49.3,39.4,29.6,19.7,9.9,0.0,0.0
2038-10,100.0,89.4,78.8,69.7,59.1,50.0,39.4,28.8,19.7,9.1,0.0,0.0
2038-11,100.0,89.8,79.6,69.4,59.3,50.0,39.8,29.6,19.4,9.3,0.0,0.0
2038-12,100.0,89.9,79.9,69.8,59.7,49.6,39.6,29.5,19.4,9.4,0.0,0.0
2039-01,100.0,89.7,80.0,69.7,60.0,49.7,40.0,29.7,20.0,9.7,0.0,0.0
2039-02,100.0,89.3,80.0,69.3,60.0,49.3,40.0,29.3,20.0,9.3,0.0,0.0
2039-03,100.0,89.2,79.7,68.9,59.5,50.0,39.2,29.7,18.9,9.5,0.0,0.0
2039-04,100.0,89.8,79.7,69.5,59.9,49.7,39.6,29.9,19.8,9.6,0.0,0.0
2039-05,100.0,89.4,79.8,69.1,59.6,50.0,39.4,29.8,19.1,9.6,0.0,0.0
2039-06,100.0,89.4,79.5,69.7,59.8,50.0,39.4,29.5,19.7,9.8,0.0,0.0
2039-07,100.0,90.0,80.0,70.0,60.0,50.0,40.0,30.0,20.0,10.0,0.0,0.0
2039-08,100.0,89.5,79.7,69.9,59.5,49.7,39.9,29.4,19.6,9.8,0.0,0.0
2039-09,100.0,89.7,79.5,69.2,59.8,49.6,39.3,29.9,19.7,9.4,0.0,0.0
2039-10,100.0,89.6,79.9,69.4,59.7,50.0,39.6,29.9,19.4,9.7,0.0,0.0
2039-11,100.0,89.5,79.8,69.3,59.6,50.0,39.5,29.8,19.3,9.6,0.0,0.0
2039-12,100.0,89.8,79.6,69.4,59.2,50.0,39.8,29.6,19.4,9.2,0.0,0.0
2040-01,100.0,89.1,79.2,69.3,59.4,49.5,39.6,29.7,19.8,9.9,0.0,0.0
2040-02,100.0,89.4,79.5,69.5,59.6,49.7,39.7,29.8,19.9,9.9,0.0,0.0
2040-03,100.0,89.6,79.2,69.8,59.4,49.1,39.6,29.2,19.8,9.4,0.0,0.0
2040-04,100.0,89.6,79.2,69.8,59.4,49.0,39.6,29.2,19.8,9.4,0.0,0.0
2040-05,100.0,89.3,80.0,69.3,60.0,49.3,40.0,29.3,20.0,9.3,0.0,0.0
2040-06,100.0,89.6,79.8,69.9,59.5,49.7,39.9,29.4,19.6,9.8,0.0,0.0
2040-07,100.0,88.9,79.6,68.5,59.3,50.0,38.9,29.6,18.5,9.3,0.0,0.0
2040-08,100.0,89.5,79.7,69.9,59.4,49.6,39.8,29.3,19.5,9.8,0.0,0.0
2040-09,100.0,89.1,79.2,69.3,59.4,49.5,39.6,29.7,19.8,9.9,0.0,0.0
2040-10,100.0,89.6,79.9,69.5,59.7,50.0,39.6,29.9,19.5,9.7,0.0,0.0
2040-11,100.0,89.3,79.6,69.9,59.2,49.5,39.8,29.1,19.4,9.7,0.0,0.0
2040-12,100.0,89.1,79.7,68.8,59.4,50.0,39.1,29.7,18.8,9.4,0.0,0.0
2041-01,100.0,90.0,80.0,70.0,60.0,50.0,40.0,30.0,20.0,10.0,0.0,0.0
2041-02,100.0,89.5,79.5,69.6,59.6,49.7,39.8,29.8,19.9,9.9,0.0,0.0
2041-03,100.0,90.0,80.0,70.0,60.0,50.0,40.0,30.0,20.0,10.0,0.0,0.0
2041-04,100.0,89.5,80.0,69.5,60.0,49.5,40.0,29.5,20.0,9.5,0.0,0.0
2041-05,100.0,89.6,79.8,69.9,59.6,49.7,39.9,29.5,19.7,9.8,0.0,0.0
2041-06,100.0,89.7,79.3,69.0,59.8,49.4,39.1,29.9,19.5,9.2,0.0,0.0
2041-07,100.0,89.2,79.3,69.4,59.5,49.5,39.6,29.7,19.8,9.9,0.0,0.0
2041-08,100.0,89.6,80.0,69.6,60.0,49.6,40.0,29.6,20.0,9.6,0.0,0.0
2041-09,100.0,89.8,79.5,69.3,59.8,49.6,39.4,29.9,19.7,9.4,0.0,0.0
2041-10,100.0,89.5,80.0,69.5,60.0,49.5,40.0,29.5,20.0,9.5,0.0,0.0
2041-11,100.0,90.0,80.0,70.0,60.0,50.0,40.0,30.0,20.0,10.0,0.0,0.0
2041-12,100.0,88.5,78.8,69.2,59.6,50.0,38.5,28.8,19.2,9.6,0.0,0.0
2042-01,100.0,89.1,80.0,69.1,60.0,49.1,40.0,29.1,20.0,9.1,0.0,0.0
2042-02,100.0,89.4,79.6,69.7,59.9,50.0,39.4,29.6,19.7,9.9,0.0,0.0
2042-03,100.0,89.5,78.9,68.4,59.6,49.1,38.6,29.8,19.3,8.8,0.0,0.0
2042-04,100.0,89.8,79.6,69.4,59.9,49.7,39.5,29.9,19.7,9.6,0.0,0.0
2042-05,100.0,89.5,79.8,69.4,59.7,50.0,39.5,29.8,19.4,9.7,0.0,0.0
2042-06,100.0,89.7,79.4,69.8,59.5,49.2,39.7,29.4,19.8,9.5,0.0,0.0
2042-07,100.0,89.9,79.8,69.7,59.6,49.5,39.4,29.3,19.2,9.1,0.0,0.0
2042-08,100.0,90.0,80.0,70.0,60.0,50.0,40.0,30.0,20.0,10.0,0.0,0.0
2042-09,100.0,89.6,79.9,69.4,59.7,50.0,39.6,29.9,19.4,9.7,0.0,0.0
2042-10,100.0,89.9,79.8,69.7,59.7,49.6,39.5,29.4,19.3,9.2,0.0,0.0
2042-11,100.0,89.2,80.0,69.2,60.0,49.2,40.0,29.2,20.0,9.2,0.0,0.0
2042-12,100.0,89.7,79.5,69.2,59.8,49.6,39.3,29.9,19.7,9.4,0.0,0.0
2043-01,100.0,89.9,79.7,69.6,59.5,50.0,39.9,29.7,19.6,9.5,0.0,0.0
2043-02,100.0,89.7,79.4,69.1,59.8,49.5,39.2,29.9,19.6,9.3,0.0,0.0
2043-03,100.0,89.4,79.6,69.9,59.3,49.6,39.8,29.2,19.5,9.7,0.0,0.0
2043-04,100.0,89.9,79.9,69.8,59.7,49.6,39.6,29.5,19.4,9.4,0.0,0.0
2043-05,100.0,89.6,80.0,69.6,60.0,49.6,40.0,29.6,20.0,9.6,0.0,0.0
2043-06,100.0,89.9,79.8,69.7,59.6,50.0,39.9,29.8,19.7,9.6,0.0,0.0
2043-07,100.0,90.0,80.0,70.0,60.0,50.0,40.0,30.0,20.0,10.0,0.0,0.0
2043-08,100.0,89.9,79.7,69.6,59.4,50.0,39.9,29.7,19.6,9.4,0.0,0.0
2043-09,100.0,89.6,79.1,68.7,59.7,49.3,38.8,29.9,19.4,9.0,0.0,0.0
2043-10,100.0,89.7,79.4,69.1,58.8,50.0,39.7,29.4,19.1,8.8,0.0,0.0
2043-11,100.0,89.4,79.8,69.2,59.6,50.0,39.4,29.8,19.2,9.6,0.0,0.0
2043-12,100.0,89.4,79.5,69.5,59.6,49.7,39.7,29.8,19.9,9.9,0.0,0.0
2044-01,100.0,89.8,79.6,69.5,59.9,49.7,39.5,29.9,19.8,9.6,0.0,0.0
2044-02,100.0,89.6,79.8,69.9,59.6,49.7,39.9,29.5,19.7,9.8,0.0,0.0
2044-03,100.0,88.7,79.2,69.8,58.5,49.1,39.6,28.3,18.9,9.4,0.0,0.0
2044-04,100.0,89.8,79.6,69.4,59.9,49.7,39.5,29.9,19.7,9.6,0.0,0.0
2044-05,100.0,89.6,79.9,69.5,59.8,49.4,39.6,29.9,19.5,9.8,0.0,0.0
2044-06,100.0,89.7,79.5,69.2,59.0,50.0,39.7,29.5,19.2,9.0,0.0,0.0
2044-07,100.0,89.8,79.6,69.4,59.3,50.0,39.8,29.6,19.4,9.3,0.0,0.0
2044-08,100.0,89.7,79.9,69.5,59.8,49.4,39.7,29.9,19.5,9.8,0.0,0.0
2044-09,100.0,89.8,79.6,69.4,59.9,49.7,39.5,29.9,19.7,9.5,0.0,0.0
2044-10,100.0,89.4,78.8,69.7,59.1,50.0,39.4,28.8,19.7,9.1,0.0,0.0
2044-11,100.0,89.7,79.5,69.9,59.6,50.0,39.7,29.5,19.9,9.6,0.0,0.0
2044-12,100.0,89.1,79.3,69.6,59.8,48.9,39.1,29.3,19.6,9.8,0.0,0.0
2045-01,100.0,89.9,79.8,69.8,59.7,49.6,39.5,29.5,19.4,9.3,0.0,0.0
2045-02,100.0,89.5,78.9,68.4,59.6,49.1,38.6,29.8,19.3,8.8,0.0,0.0
2045-03,100.0,90.0,80.0,70.0,60.0,50.0,40.0,30.0,20.0,10.0,0.0,0.0
2045-04,100.0,89.7,80.0,69.7,60.0,49.7,40.0,29.7,20.0,9.7,0.0,0.0
2045-05,100.0,89.5,78.9,68.4,59.6,49.1,38.6,29.8,19.3,8.8,0.0,0.0
2045-06,100.0,89.7,80.0,69.7,60.0,49.7,40.0,29.7,20.0,9.7,0.0,0.0
2045-07,100.0,89.5,79.7,69.9,59.4,49.7,39.9,29.4,19.6,9.8,0.0,0.0
2045-08,100.0,89.5,79.8,69.3,59.6,50.0,39.5,29.8,19.3,9.6,0.0,0.0
2045-09,100.0,89.8,79.5,69.3,59.1,50.0,39.8,29.5,19.3,9.1,0.0,0.0
2045-10,100.0,90.0,80.0,70.0,60.0,50.0,40.0,30.0,20.0,10.0,0.0,0.0
2045-11,100.0,89.5,79.7,69.9,59.4,49.6,39.8,29.3,19.5,9.8,0.0,0.0
2045-12,100.0,89.8,79.6,69.3,59.9,49.6,39.4,29.9,19.7,9.5,0.0,0.0
2046-01,100.0,89.6,80.0,69.6,60.0,49.6,40.0,29.6,20.0,9.6,0.0,0.0
2046-02,100.0,89.4,79.6,69.7,59.9,50.0,39.4,29.6,19.7,9.9,0.0,0.0
2046-03,100.0,89.6,80.0,69.6,60.0,49.6,40.0,29.6,20.0,9.6,0.0,0.0
2046-04,100.0,89.2,79.6,69.9,59.1,49.5,39.8,29.0,19.4,9.7,0.0,0.0
2046-05,100.0,89.8,79.6,69.9,59.7,50.0,39.8,29.6,19.9,9.7,0.0,0.0
2046-06,100.0,89.4,79.7,69.9,59.3,49.6,39.8,29.3,19.5,9.8,0.0,0.0
2046-07,100.0,89.4,80.0,69.4,60.0,49.4,40.0,29.4,20.0,9.4,0.0,0.0
2046-08,100.0,90.0,80.0,70.0,60.0,50.0,40.0,30.0,20.0,10.0,0.0,0.0
2046-09,100.0,89.5,79.7,69.9,59.5,49.7,39.9,29.4,19.6,9.8,0.0,0.0
2046-10,100.0,89.6,80.0,69.6,60.0,49.6,40.0,29.6,20.0,9.6,0.0,0.0
2046-11,100.0,89.4,79.8,69.2,59.6,50.0,39.4,29.8,19.2,9.6,0.0,0.0
2046-12,100.0,90.0,80.0,70.0,60.0,50.0,40.0,30.0,20.0,10.0,0.0,0.0
2047-01,100.0,88.7,78.9,69.0,59.2,49.3,39.4,29.6,19.7,9.9,0.0,0.0
2047-02,100.0,90.0,80.0,70.0,60.0,50.0,40.0,30.0,20.0,10.0,0.0,0.0
2047-03,100.0,90.0,80.0,70.0,60.0,50.0,40.0,30.0,20.0,10.0,0.0,0.0
2047-04,100.0,89.4,79.6,69.7,59.9,50.0,39.4,29.6,19.7,9.9,0.0,0.0
2047-05,100.0,89.8,79.6,69.4,59.9,49.7,39.5,29.9,19.7,9.6,0.0,0.0
2047-06,100.0,90.0,80.0,70.0,60.0,50.0,40.0,30.0,20.0,10.0,0.0,0.0
2047-07,100.0,89.8,79.7,69.5,59.3,49.2,39.0,28.8,18.6,8.5,0.0,0.0
2047-08,100.0,89.7,79.3,69.0,58.6,48.3,39.7,29.3,19.0,8.6,0.0,0.0
2047-09,100.0,89.2,79.5,69.9,59.0,49.4,39.8,28.9,19.3,9.6,0.0,0.0
2047-10,100.0,89.9,79.8,69.7,59.6,50.0,39.9,29.8,19.7,9.6,0.0,0.0
2047-11,100.0,89.9,79.7,69.6,59.4,50.0,39.9,29.7,19.6,9.4,0.0,0.0
2047-12,100.0,89.4,79.6,69.7,59.9,50.0,39.4,29.6,19.7,9.9,0.0,0.0
2048-01,100.0,90.0,80.0,70.0,60.0,50.0,40.0,30.0,20.0,10.0,0.0,0.0
2048-02,100.0,89.7,79.3,69.8,59.5,49.1,39.7,29.3,19.8,9.5,0.0,0.0
2048-03,100.0,89.8,79.7,69.5,59.9,49.7,39.6,29.9,19.8,9.6,0.0,0.0
2048-04,100.0,89.8,79.5,69.9,59.6,50.0,39.8,29.5,19.9,9.6,0.0,0.0
2048-05,100.0,89.5,79.7,69.9,59.4,49.7,39.9,29.4,19.6,9.8,0.0,0.0
2048-06,100.0,89.9,79.7,69.6,59.5,50.0,39.9,29.7,19.6,9.5,0.0,0.0
2048-07,100.0,89.5,79.6,69.8,59.9,50.0,39.5,29.6,19.8,9.9,0.0,0.0
2048-08,100.0,89.5,79.6,69.7,59.9,50.0,39.5,29.6,19.7,9.9,0.0,0.0
2048-09,100.0,90.0,80.0,70.0,60.0,50.0,40.0,30.0,20.0,10.0,0.0,0.0
2048-10,100.0,89.9,79.9,69.8,59.7,49.6,39.6,29.5,19.4,9.4,0.0,0.0
2048-11,100.0,89.4,78.8,69.7,59.1,50.0,39.4,28.8,19.7,9.1,0.0,0.0
2048-12,100.0,89.6,79.1,68.7,59.7,49.3,38.8,29.9,19.4,9.0,0.0,0.0
2049-01,100.0,89.7,80.0,69.7,60.0,49.7,40.0,29.7,20.0,9.7,0.0,0.0
2049-02,100.0,89.4,79.6,69.7,59.9,50.0,39.4,29.6,19.7,9.9,0.0,0.0
2049-03,100.0,90.0,80.0,70.0,60.0,50.0,40.0,30.0,20.0,10.0,0.0,0.0
2049-04,100.0,89.3,79.4,69.5,59.5,49.6,39.7,29.8,19.8,9.9,0.0,0.0
2049-05,100.0,89.7,79.5,69.2,59.8,49.6,39.3,29.9,19.7,9.4,0.0,0.0
2049-06,100.0,89.6,79.8,69.9,59.5,49.7,39.9,29.4,19.6,9.8,0.0,0.0
2049-07,100.0,90.0,80.0,70.0,60.0,50.0,40.0,30.0,20.0,10.0,0.0,0.0
2049-08,100.0,89.7,79.4,69.2,59.8,49.5,39.3,29.9,19.6,9.3,0.0,0.0
2049-09,100.0,89.9,79.7,69.6,59.5,50.0,39.9,29.7,19.6,9.5,0.0,0.0
2049-10,100.0,89.8,79.7,69.5,59.9,49.7,39.6,29.9,19.8,9.6,0.0,0.0
2049-11,100.0,89.7,80.0,69.7,60.0,49.7,40.0,29.7,20.0,9.7,0.0,0.0
2049-12,100.0,89.7,79.4,69.9,59.6,50.0,39.7,29.4,19.9,9.6,0.0,0.0
2050-01,100.0,89.8,79.7,69.5,59.3,49.2,39.0,28.8,18.6,8.5,0.0,0.0
2050-02,100.0,89.8,79.6,69.4,59.3,50.0,39.8,29.6,19.4,9.3,0.0,0.0
2050-03,100.0,90.0,80.0,70.0,60.0,50.0,40.0,30.0,20.0,10.0,0.0,0.0
2050-04,100.0,89.6,79.9,69.5,59.7,50.0,39.6,29.9,19.5,9.7,0.0,0.0
2050-05,100.0,89.6,79.7,69.8,59.9,50.0,39.6,29.7,19.8,9.9,0.0,0.0
2050-06,100.0,89.5,79.5,69.6,59.6,49.7,39.8,29.8,19.9,9.9,0.0,0.0
2050-07,100.0,89.7,79.9,69.6,59.8,49.5,39.7,29.9,19.6,9.8,0.0,0.0
2050-08,100.0,88.7,78.9,69.0,59.2,49.3,39.4,29.6,19.7,9.9,0.0,0.0
2050-09,100.0,89.8,79.6,69.4,59.9,49.7,39.5,29.9,19.7,9.5,0.0,0.0
2050-10,100.0,89.7,79.5,69.2,59.8,49.6,39.3,29.9,19.7,9.4,0.0,0.0
2050-11,100.0,89.9,79.8,69.7,59.6,50.0,39.9,29.8,19.7,9.6,0.0,0.0
2050-12,100.0,89.5,80.0,69.5,60.0,49.5,40.0,29.5,20.0,9.5,0.0,0.0
2051-01,100.0,89.9,79.8,69.7,59.6,50.0,39.9,29.8,19.7,9.6,0.0,0.0
2051-02,100.0,89.9,79.7,69.6,59.5,50.0,39.9,29.7,19.6,9.5,0.0,0.0
2051-03,100.0,89.6,80.0,69.6,60.0,49.6,40.0,29.6,20.0,9.6,0.0,0.0
2051-04,100.0,89.3,80.0,69.3,60.0,49.3,40.0,29.3,20.0,9.3,0.0,0.0
2051-05,100.0,89.6,79.9,69.5,59.8,49.4,39.6,29.9,19.5,9.8,0.0,0.0
2051-06,100.0,89.8,79.6,69.9,59.7,50.0,39.8,29.6,19.9,9.7,0.0,0.0
2051-07,100.0,89.9,79.7,69.6,59.5,50.0,39.9,29.7,19.6,9.5,0.0,0.0
2051-08,100.0,89.6,79.2,69.8,59.4,49.0,39.6,29.2,19.8,9.4,0.0,0.0
2051-09,100.0,90.0,80.0,70.0,60.0,50.0,40.0,30.0,20.0,10.0,0.0,0.0
2051-10,100.0,89.9,79.8,69.7,59.6,49.4,39.3,29.2,19.1,9.0,0.0,0.0
2051-11,100.0,89.6,79.7,69.8,59.9,50.0,39.6,29.7,19.8,9.9,0.0,0.0
2051-12,100.0,89.9,79.8,69.7,59.6,50.0,39.9,29.8,19.7,9.6,0.0,0.0
2052-01,100.0,89.5,79.6,69.6,59.7,49.7,39.8,29.8,19.9,9.9,0.0,0.0
2052-02,100.0,88.9,79.2,69.4,59.7,50.0,38.9,29.2,19.4,9.7,0.0,0.0
2052-03,100.0,89.7,80.0,69.7,60.0,49.7,40.0,29.7,20.0,9.7,0.0,0.0
2052-04,100.0,89.5,79.7,69.9,59.4,49.6,39.8,29.3,19.5,9.8,0.0,0.0
2052-05,100.0,89.6,79.7,69.8,59.9,49.5,39.6,29.7,19.8,9.9,0.0,0.0
2052-06,100.0,89.7,80.0,69.7,60.0,49.7,40.0,29.7,20.0,9.7,0.0,0.0
2052-07,100.0,89.9,79.7,69.6,59.5,50.0,39.9,29.7,19.6,9.5,0.0,0.0
2052-08,100.0,89.7,80.0,69.7,60.0,49.7,40.0,29.7,20.0,9.7,0.0,0.0
2052-09,100.0,90.0,80.0,70.0,60.0,50.0,40.0,30.0,20.0,10.0,0.0,0.0
2052-10,100.0,89.4,79.5,69.6,59.6,49.7,39.8,29.8,19.9,9.9,0.0,0.0
2052-11,100.0,89.8,79.6,69.9,59.7,50.0,39.8,29.6,19.9,9.7,0.0,0.0
2052-12,100.0,89.4,79.5,69.6,59.6,49.7,39.8,29.8,19.9,9.9,0.0,0.0
2053-01,100.0,89.5,79.6,69.7,59.9,50.0,39.5,29.6,19.7,9.9,0.0,0.0
2053-02,100.0,89.5,80.0,69.5,60.0,49.5,40.0,29.5,20.0,9.5,0.0,0.0
2053-03,100.0,89.7,79.5,69.2,59.8,49.6,39.3,29.9,19.7,9.4,0.0,0.0
2053-04,100.0,89.5,79.5,69.6,59.6,49.7,39.8,29.8,19.9,9.9,0.0,0.0
2053-05,100.0,89.1,79.7,68.8,59.4,50.0,39.1,29.7,18.8,9.4,0.0,0.0
2053-06,100.0,89.9,79.8,69.7,59.6,50.0,39.9,29.8,19.7,9.6,0.0,0.0
2053-07,100.0,90.0,80.0,70.0,60.0,50.0,40.0,30.0,20.0,10.0,0.0,0.0
2053-08,100.0,89.0,79.5,69.9,58.9,49.3,39.7,28.8,19.2,9.6,0.0,0.0
2053-09,100.0,89.5,78.9,69.7,59.2,50.0,39.5,28.9,19.7,9.2,0.0,0.0
2053-10,100.0,89.9,79.8,69.7,59.6,49.4,39.3,29.2,19.1,9.0,0.0,0.0
2053-11,100.0,89.0,79.5,69.9,58.9,49.3,39.7,28.8,19.2,9.6,0.0,0.0
2053-12,100.0,89.0,79.5,69.9,58.9,49.3,39.7,28.8,19.2,9.6,0.0,0.0
2054-01,100.0,88.7,79.2,69.8,58.5,49.1,39.6,28.3,18.9,9.4,0.0,0.0
2054-02,100.0,89.7,79.3,69.8,59.5,49.1,39.7,29.3,19.8,9.5,0.0,0.0
2054-03,100.0,89.2,79.5,69.9,59.0,49.4,39.8,28.9,19.3,9.6,0.0,0.0
2054-04,100.0,89.7,80.0,69.7,60.0,49.7,40.0,29.7,20.0,9.7,0.0,0.0
2054-05,100.0,88.9,79.2,69.4,59.7,50.0,38.9,29.2,19.4,9.7,0.0,0.0
2054-06,100.0,89.9,79.7,69.6,59.5,50.0,39.9,29.7,19.6,9.5,0.0,0.0
2054-07,100.0,89.8,79.7,69.5,59.3,50.0,39.8,29.7,19.5,9.3,0.0,0.0
2054-08,100.0,89.6,79.9,69.4,59.7,50.0,39.6,29.9,19.4,9.7,0.0,0.0
2054-09,100.0,89.2,79.3,69.4,59.5,49.5,39.6,29.7,19.8,9.9,0.0,0.0
2054-10,100.0,89.6,79.2,69.8,59.4,49.1,39.6,29.2,19.8,9.4,0.0,0.0
2054-11,100.0,89.3,79.6,69.9,59.2,49.5,39.8,29.1,19.4,9.7,0.0,0.0
2054-12,100.0,89.9,79.8,69.7,59.7,49.6,39.5,29.4,19.3,9.2,0.0,0.0
2055-01,100.0,90.0,80.0,70.0,60.0,50.0,40.0,30.0,20.0,10.0,0.0,0.0
2055-02,100.0,89.6,79.2,69.8,59.4,49.1,39.6,29.2,19.8,9.4,0.0,0.0
2055-03,100.0,89.8,79.7,69.5,59.9,49.7,39.6,29.9,19.8,9.6,0.0,0.0
2055-04,100.0,89.7,79.9,69.6,59.8,49.5,39.7,29.9,19.6,9.8,0.0,0.0
2055-05,100.0,89.5,79.6,69.7,59.9,50.0,39.5,29.6,19.7,9.9,0.0,0.0
2055-06,100.0,89.6,79.9,69.4,59.7,50.0,39.6,29.9,19.4,9.7,0.0,0.0
2055-07,100.0,90.0,80.0,70.0,60.0,50.0,40.0,30.0,20.0,10.0,0.0,0.0
2055-08,100.0,88.5,78.8,69.2,59.6,50.0,38.5,28.8,19.2,9.6,0.0,0.0
2055-09,100.0,89.8,79.7,69.5,59.9,49.7,39.5,29.9,19.8,9.6,0.0,0.0
2055-10,100.0,89.6,80.0,69.6,60.0,49.6,40.0,29.6,20.0,9.6,0.0,0.0
2055-11,100.0,89.6,79.2,69.8,59.4,49.0,39.6,29.2,19.8,9.4,0.0,0.0
2055-12,100.0,89.6,80.0,69.6,60.0,49.6,40.0,29.6,20.0,9.6,0.0,0.0
2056-01,100.0,89.7,79.3,69.0,59.8,49.4,39.1,29.9,19.5,9.2,0.0,0.0
2056-02,100.0,90.0,80.0,70.0,60.0,50.0,40.0,30.0,20.0,10.0,0.0,0.0
2056-03,100.0,89.7,79.4,69.9,59.6,50.0,39.7,29.4,19.9,9.6,0.0,0.0
2056-04,100.0,89.7,79.4,69.2,59.8,49.5,39.3,29.9,19.6,9.3,0.0,0.0
2056-05,100.0,89.9,79.8,69.7,59.6,49.5,39.4,29.3,19.2,9.1,0.0,0.0
2056-06,100.0,89.9,79.7,69.6,59.5,49.4,39.2,29.1,19.0,8.9,0.0,0.0
2056-07,100.0,90.0,80.0,70.0,60.0,50.0,40.0,30.0,20.0,10.0,0.0,0.0
2056-08,100.0,89.2,79.7,68.9,59.5,50.0,39.2,29.7,18.9,9.5,0.0,0.0
2056-09,100.0,89.4,79.5,69.6,59.6,49.7,39.8,29.8,19.9,9.9,0.0,0.0
2056-10,100.0,89.7,80.0,69.7,60.0,49.7,40.0,29.7,20.0,9.7,0.0,0.0
2056-11,100.0,89.5,79.7,69.8,59.9,50.0,39.5,29.7,19.8,9.9,0.0,0.0
2056-12,100.0,89.6,79.2,69.8,59.4,49.0,39.6,29.2,19.8,9.4,0.0,0.0
2057-01,100.0,89.8,79.6,69.5,59.9,49.7,39.5,29.9,19.8,9.6,0.0,0.0
2057-02,100.0,89.8,79.5,69.3,59.1,50.0,39.8,29.5,19.3,9.1,0.0,0.0
2057-03,100.0,89.2,80.0,69.2,60.0,49.2,40.0,29.2,20.0,9.2,0.0,0.0
2057-04,100.0,88.7,78.9,69.0,59.2,49.3,39.4,29.6,19.7,9.9,0.0,0.0
2057-05,100.0,89.3,79.6,69.9,59.2,49.5,39.8,29.1,19.4,9.7,0.0,0.0
2057-06,100.0,89.9,79.8,69.7,59.6,50.0,39.9,29.8,19.7,9.6,0.0,0.0
2057-07,100.0,89.2,80.0,69.2,60.0,49.2,40.0,29.2,20.0,9.2,0.0,0.0
2057-08,100.0,89.8,79.6,69.4,59.3,50.0,39.8,29.6,19.4,9.3,0.0,0.0
2057-09,100.0,90.0,80.0,70.0,60.0,50.0,40.0,30.0,20.0,10.0,0.0,0.0
2057-10,100.0,88.9,79.0,69.1,59.3,49.4,39.5,29.6,19.8,9.9,0.0,0.0
2057-11,100.0,89.7,79.3,69.0,58.6,48.3,39.7,29.3,19.0,8.6,0.0,0.0
2057-12,100.0,89.9,79.8,69.7,59.6,50.0,39.9,29.8,19.7,9.6,0.0,0.0
2058-01,100.0,89.8,79.7,69.5,59.3,49.2,39.0,28.8,18.6,8.5,0.0,0.0
2058-02,100.0,89.4,78.8,69.7,59.1,50.0,39.4,28.8,19.7,9.1,0.0,0.0
2058-03,100.0,89.7,79.5,69.2,59.8,49.6,39.3,29.9,19.7,9.4,0.0,0.0
2058-04,100.0,89.7,79.4,69.1,59.8,49.5,39.2,29.9,19.6,9.3,0.0,0.0
2058-05,100.0,90.0,80.0,70.0,60.0,50.0,40.0,30.0,20.0,10.0,0.0,0.0
2058-06,100.0,89.5,79.7,69.8,59.9,50.0,39.5,29.7,19.8,9.9,0.0,0.0
2058-07,100.0,89.9,79.8,69.7,59.6,50.0,39.9,29.8,19.7,9.6,0.0,0.0
2058-08,100.0,90.0,80.0,70.0,60.0,50.0,40.0,30.0,20.0,10.0,0.0,0.0
2058-09,100.0,89.4,79.5,69.5,59.6,49.7,39.7,29.8,19.9,9.9,0.0,0.0
2058-10,100.0,89.5,79.8,69.3,59.6,50.0,39.5,29.8,19.3,9.6,0.0,0.0
2058-11,100.0,90.0,80.0,70.0,60.0,50.0,40.0,30.0,20.0,10.0,0.0,0.0
2058-12,100.0,89.4,80.0,69.4,60.0,49.4,40.0,29.4,20.0,9.4,0.0,0.0
2059-01,100.0,90.0,80.0,70.0,60.0,50.0,40.0,30.0,20.0,10.0,0.0,0.0
2059-02,100.0,89.8,79.5,69.9,59.7,50.0,39.8,29.5,19.9,9.7,0.0,0.0
2059-03,100.0,89.8,79.6,69.3,59.9,49.6,39.4,29.9,19.7,9.5,0.0,0.0
2059-04,100.0,89.5,79.7,69.9,59.5,49.7,39.9,29.4,19.6,9.8,0.0,0.0
2059-05,100.0,89.1,79.7,68.8,59.4,50.0,39.1,29.7,18.8,9.4,0.0,0.0
2059-06,100.0,89.7,80.0,69.7,60.0,49.7,40.0,29.7,20.0,9.7,0.0,0.0
2059-07,100.0,89.5,79.7,69.8,59.9,50.0,39.5,29.7,19.8,9.9,0.0,0.0
2059-08,100.0,90.0,80.0,70.0,60.0,50.0,40.0,30.0,20.0,10.0,0.0,0.0
2059-09,100.0,89.5,79.5,69.6,59.6,49.7,39.8,29.8,19.9,9.9,0.0,0.0
2059-10,100.0,89.7,80.0,69.7,60.0,49.7,40.0,29.7,20.0,9.7,0.0,0.0
2059-11,100.0,89.6,79.2,69.8,59.4,49.1,39.6,29.2,19.8,9.4,0.0,0.0
2059-12,100.0,90.0,80.0,70.0,60.0,50.0,40.0,30.0,20.0,10.0,0.0,0.0
2060-01,100.0,89.3,79.5,69.7,59.8,49.2,39.3,29.5,19.7,9.8,0.0,0.0
2060-02,100.0,90.0,80.0,70.0,60.0,50.0,40.0,30.0,20.0,10.0,0.0,0.0
2060-03,100.0,89.9,79.8,69.7,59.7,49.6,39.5,29.4,19.3,9.2,0.0,0.0
2060-04,100.0,89.1,80.0,69.1,60.0,49.1,40.0,29.1,20.0,9.1,0.0,0.0
2060-05,100.0,89.5,79.7,69.9,59.4,49.6,39.8,29.3,19.5,9.8,0.0,0.0
2060-06,100.0,89.1,79.2,69.3,59.4,49.5,39.6,29.7,19.8,9.9,0.0,0.0
2060-07,100.0,88.5,78.8,69.2,59.6,50.0,38.5,28.8,19.2,9.6,0.0,0.0
2060-08,100.0,90.0,80.0,70.0,60.0,50.0,40.0,30.0,20.0,10.0,0.0,0.0
2060-09,100.0,89.3,79.5,69.6,59.8,49.1,39.3,29.5,19.6,9.8,0.0,0.0
2060-10,100.0,89.8,79.6,69.4,59.2,50.0,39.8,29.6,19.4,9.2,0.0,0.0
2060-11,100.0,89.6,80.0,69.6,60.0,49.6,40.0,29.6,20.0,9.6,0.0,0.0
2060-12,100.0,89.4,79.5,69.6,59.6,49.7,39.8,29.8,19.9,9.9,0.0,0.0
2061-01,100.0,89.9,79.7,69.6,59.5,50.0,39.9,29.7,19.6,9.5,0.0,0.0
2061-02,100.0,89.5,79.8,69.3,59.6,50.0,39.5,29.8,19.3,9.6,0.0,0.0
2061-03,100.0,90.0,80.0,70.0,60.0,50.0,40.0,30.0,20.0,10.0,0.0,0.0
2061-04,100.0,89.1,79.7,68.8,59.4,50.0,39.1,29.7,18.8,9.4,0.0,0.0
2061-05,100.0,89.9,79.9,69.8,59.7,49.7,39.6,29.5,19.5,9.4,0.0,0.0
2061-06,100.0,88.9,79.0,69.1,59.3,49.4,39.5,29.6,19.8,9.9,0.0,0.0
2061-07,100.0,89.7,80.0,69.7,60.0,49.7,40.0,29.7,20.0,9.7,0.0,0.0
2061-08,100.0,89.8,79.7,69.5,59.9,49.7,39.5,29.9,19.8,9.6,0.0,0.0
2061-09,100.0,89.7,80.0,69.7,60.0,49.7,40.0,29.7,20.0,9.7,0.0,0.0
2061-10,100.0,89.5,79.6,69.8,59.9,50.0,39.5,29.6,19.8,9.9,0.0,0.0
2061-11,100.0,89.4,79.5,69.7,59.8,50.0,39.4,29.5,19.7,9.8,0.0,0.0
2061-12,100.0,89.1,79.3,69.6,59.8,48.9,39.1,29.3,19.6,9.8,0.0,0.0
2062-01,100.0,89.7,80.0,69.7,60.0,49.7,40.0,29.7,20.0,9.7,0.0,0.0
2062-02,100.0,89.8,79.5,69.3,59.8,49.6,39.4,29.9,19.7,9.4,0.0,0.0
2062-03,100.0,89.7,79.4,69.2,59.8,49.5,39.3,29.9,19.6,9.3,0.0,0.0
2062-04,100.0,89.0,79.3,69.5,59.8,48.8,39.0,29.3,19.5,9.8,0.0,0.0
2062-05,100.0,88.9,79.4,69.8,58.7,49.2,39.7,28.6,19.0,9.5,0.0,0.0
2062-06,100.0,89.5,79.6,69.6,59.7,49.7,39.8,29.8,19.9,9.9,0.0,0.0
2062-07,100.0,89.8,79.6,69.4,59.3,50.0,39.8,29.6,19.4,9.3,0.0,0.0
2062-08,100.0,89.4,79.5,69.7,59.8,50.0,39.4,29.5,19.7,9.8,0.0,0.0
2062-09,100.0,89.6,79.8,69.9,59.6,49.7,39.9,29.5,19.7,9.8,0.0,0.0
2062-10,100.0,90.0,80.0,70.0,60.0,50.0,40.0,30.0,20.0,10.0,0.0,0.0
2062-11,100.0,89.4,79.5,69.7,59.8,50.0,39.4,29.5,19.7,9.8,0.0,0.0
2062-12,100.0,89.5,78.9,69.7,59.2,50.0,39.5,28.9,19.7,9.2,0.0,0.0
2063-01,100.0,89.9,79.8,69.8,59.7,49.6,39.5,29.5,19.4,9.3,0.0,0.0
2063-02,100.0,89.6,79.8,69.9,59.6,49.7,39.9,29.5,19.7,9.8,0.0,0.0
2063-03,100.0,88.7,79.0,69.4,59.7,50.0,38.7,29.0,19.4,9.7,0.0,0.0
2063-04,100.0,89.4,79.6,69.9,59.3,49.6,39.8,29.2,19.5,9.7,0.0,0.0
2063-05,100.0,89.8,79.6,69.9,59.7,50.0,39.8,29.6,19.9,9.7,0.0,0.0
2063-06,100.0,89.9,79.8,69.8,59.7,49.6,39.5,29.5,19.4,9.3,0.0,0.0
2063-07,100.0,89.5,79.7,69.8,59.9,50.0,39.5,29.7,19.8,9.9,0.0,0.0
2063-08,100.0,89.1,79.3,69.6,59.8,48.9,39.1,29.3,19.6,9.8,0.0,0.0
2063-09,100.0,89.9,79.7,69.6,59.4,50.0,39.9,29.7,19.6,9.4,0.0,0.0
2063-10,100.0,89.8,79.7,69.5,59.9,49.7,39.6,29.9,19.8,9.6,0.0,0.0
2063-11,100.0,89.6,79.9,69.4,59.7,50.0,39.6,29.9,19.4,9.7,0.0,0.0
2063-12,100.0,88.2,78.4,68.6,58.8,49.0,39.2,29.4,19.6,9.8,0.0,0.0
2064-01,100.0,89.9,79.9,69.8,59.8,49.7,39.6,29.6,19.5,9.5,0.0,0.0
2064-02,100.0,88.7,78.9,69.0,59.2,49.3,39.4,29.6,19.7,9.9,0.0,0.0
2064-03,100.0,89.6,79.9,69.5,59.8,49.4,39.6,29.9,19.5,9.8,0.0,0.0
2064-04,100.0,89.6,79.2,69.8,59.4,49.1,39.6,29.2,19.8,9.4,0.0,0.0
2064-05,100.0,89.3,79.3,69.4,59.5,49.6,39.7,29.8,19.8,9.9,0.0,0.0
2064-06,100.0,89.3,78.6,69.6,58.9,48.2,39.3,28.6,19.6,8.9,0.0,0.0
2064-07,100.0,89.9,79.8,69.6,59.5,50.0,39.9,29.8,19.6,9.5,0.0,0.0
2064-08,100.0,89.6,79.8,69.9,59.5,49.7,39.9,29.4,19.6,9.8,0.0,0.0
2064-09,100.0,89.2,80.0,69.2,60.0,49.2,40.0,29.2,20.0,9.2,0.0,0.0
2064-10,100.0,89.4,79.5,69.7,59.8,50.0,39.4,29.5,19.7,9.8,0.0,0.0
2064-11,100.0,89.3,79.3,69.4,59.5,49.6,39.7,29.8,19.8,9.9,0.0,0.0
2064-12,100.0,89.6,79.8,69.9,59.5,49.7,39.9,29.5,19.7,9.8,0.0,0.0
2065-01,100.0,89.5,79.6,69.8,59.9,50.0,39.5,29.6,19.8,9.9,0.0,0.0
2065-02,100.0,88.5,78.7,68.9,59.0,49.2,39.3,29.5,19.7,9.8,0.0,0.0
2065-03,100.0,89.7,80.0,69.7,60.0,49.7,40.0,29.7,20.0,9.7,0.0,0.0
2065-04,100.0,89.2,79.4,69.6,59.8,49.0,39.2,29.4,19.6,9.8,0.0,0.0
2065-05,100.0,89.5,79.8,69.4,59.7,50.0,39.5,29.8,19.4,9.7,0.0,0.0
2065-06,100.0,89.6,79.7,69.8,59.9,50.0,39.6,29.7,19.8,9.9,0.0,0.0
2065-07,100.0,89.5,78.9,69.7,59.2,50.0,39.5,28.9,19.7,9.2,0.0,0.0
2065-08,100.0,89.9,79.9,69.8,59.8,49.7,39.7,29.6,19.6,9.5,0.0,0.0
2065-09,100.0,89.7,79.9,69.6,59.8,49.5,39.7,29.9,19.6,9.8,0.0,0.0
2065-10,100.0,89.6,79.8,69.9,59.6,49.7,39.9,29.5,19.7,9.8,0.0,0.0
2065-11,100.0,89.7,79.5,69.9,59.6,50.0,39.7,29.5,19.9,9.6,0.0,0.0
2065-12,100.0,88.9,79.6,68.5,59.3,50.0,38.9,29.6,18.5,9.3,0.0,0.0
2066-01,100.0,89.6,79.2,69.8,59.4,49.1,39.6,29.2,19.8,9.4,0.0,0.0
2066-02,100.0,89.8,79.5,69.3,59.8,49.6,39.4,29.9,19.7,9.4,0.0,0.0
2066-03,100.0,89.8,79.7,69.5,59.3,50.0,39.8,29.7,19.5,9.3,0.0,0.0
2066-04,100.0,89.8,79.6,69.5,59.9,49.7,39.5,29.9,19.8,9.6,0.0,0.0
2066-05,100.0,89.9,79.9,69.8,59.8,49.7,39.6,29.6,19.5,9.5,0.0,0.0
2066-06,100.0,89.8,79.6,69.4,59.3,50.0,39.8,29.6,19.4,9.3,0.0,0.0
2066-07,100.0,89.0,79.3,69.5,59.8,48.8,39.0,29.3,19.5,9.8,0.0,0.0
2066-08,100.0,89.2,79.3,69.4,59.5,49.5,39.6,29.7,19.8,9.9,0.0,0.0
2066-09,100.0,89.9,79.8,69.7,59.6,49.5,39.4,29.3,19.2,9.1,0.0,0.0
2066-10,100.0,89.4,79.5,69.6,59.6,49.7,39.8,29.8,19.9,9.9,0.0,0.0
2066-11,100.0,89.7,79.4,69.1,58.8,50.0,39.7,29.4,19.1,8.8,0.0,0.0
2066-12,100.0,89.5,79.7,69.8,59.9,50.0,39.5,29.7,19.8,9.9,0.0,0.0
2067-01,100.0,89.6,79.2,69.8,59.4,49.0,39.6,29.2,19.8,9.4,0.0,0.0
2067-02,100.0,89.0,79.3,69.5,59.8,48.8,39.0,29.3,19.5,9.8,0.0,0.0
2067-03,100.0,90.0,80.0,70.0,60.0,50.0,40.0,30.0,20.0,10.0,0.0,0.0
2067-04,100.0,89.5,79.7,69.9,59.4,49.6,39.8,29.3,19.5,9.8,0.0,0.0
2067-05,100.0,89.7,79.9,69.6,59.8,49.5,39.7,29.9,19.6,9.8,0.0,0.0
2067-06,100.0,89.8,79.7,69.5,59.4,50.0,39.8,29.7,19.5,9.4,0.0,0.0
2067-07,100.0,88.9,79.4,69.8,58.7,49.2,39.7,28.6,19.0,9.5,0.0,0.0
2067-08,100.0,89.8,79.6,69.9,59.7,50.0,39.8,29.6,19.9,9.7,0.0,0.0
2067-09,100.0,89.8,79.7,69.5,59.9,49.7,39.5,29.9,19.8,9.6,0.0,0.0
2067-10,100.0,89.3,79.6,69.9,59.2,49.5,39.8,29.1,19.4,9.7,0.0,0.0
2067-11,100.0,89.8,79.7,69.5,59.9,49.7,39.6,29.9,19.8,9.6,0.0,0.0
2067-12,100.0,89.7,79.5,69.2,59.0,50.0,39.7,29.5,19.2,9.0,0.0,0.0
2068-01,100.0,89.0,79.5,69.9,58.9,49.3,39.7,28.8,19.2,9.6,0.0,0.0
2068-02,100.0,89.3,79.4,69.5,59.5,49.6,39.7,29.8,19.8,9.9,0.0,0.0
2068-03,100.0,89.3,79.5,69.6,59.8,49.1,39.3,29.5,19.6,9.8,0.0,0.0
2068-04,100.0,89.6,79.9,69.5,59.7,50.0,39.6,29.9,19.5,9.7,0.0,0.0
2068-05,100.0,89.6,79.2,69.8,59.4,49.1,39.6,29.2,19.8,9.4,0.0,0.0
2068-06,100.0,89.7,80.0,69.7,60.0,49.7,40.0,29.7,20.0,9.7,0.0,0.0
2068-07,100.0,89.2,79.3,69.4,59.5,49.5,39.6,29.7,19.8,9.9,0.0,0.0
2068-08,100.0,89.4,78.8,69.7,59.1,50.0,39.4,28.8,19.7,9.1,0.0,0.0
2068-09,100.0,89.6,80.0,69.6,60.0,49.6,40.0,29.6,20.0,9.6,0.0,0.0
2068-10,100.0,89.1,80.0,69.1,60.0,49.1,40.0,29.1,20.0,9.1,0.0,0.0
2068-11,100.0,89.7,79.4,69.2,59.8,49.5,39.3,29.9,19.6,9.3,0.0,0.0
2068-12,100.0,89.8,79.7,69.5,59.3,50.0,39.8,29.7,19.5,9.3,0.0,0.0
2069-01,100.0,89.2,79.3,69.4,59.5,49.5,39.6,29.7,19.8,9.9,0.0,0.0
2069-02,100.0,89.3,79.4,69.5,59.5,49.6,39.7,29.8,19.8,9.9,0.0,0.0
2069-03,100.0,90.0,80.0,70.0,60.0,50.0,40.0,30.0,20.0,10.0,0.0,0.0
2069-04,100.0,90.0,80.0,70.0,60.0,50.0,40.0,30.0,20.0,10.0,0.0,0.0
2069-05,100.0,89.8,79.7,69.5,59.3,49.2,39.0,28.8,18.6,8.5,0.0,0.0
2069-06,100.0,89.8,79.6,69.4,59.9,49.7,39.5,29.9,19.7,9.5,0.0,0.0
2069-07,100.0,89.9,79.7,69.6,59.4,50.0,39.9,29.7,19.6,9.4,0.0,0.0
2069-08,100.0,89.3,79.8,69.0,59.5,50.0,39.3,29.8,19.0,9.5,0.0,0.0
2069-09,100.0,88.2,78.4,68.6,58.8,49.0,39.2,29.4,19.6,9.8,0.0,0.0
2069-10,100.0,89.6,79.8,69.9,59.5,49.7,39.9,29.5,19.7,9.8,0.0,0.0
2069-11,100.0,89.0,79.5,69.9,58.9,49.3,39.7,28.8,19.2,9.6,0.0,0.0
2069-12,100.0,89.4,79.7,69.9,59.3,49.6,39.8,29.3,19.5,9.8,0.0,0.0
2070-01,100.0,88.7,78.9,69.0,59.2,49.3,39.4,29.6,19.7,9.9,0.0,0.0
2070-02,100.0,89.8,79.5,69.3,59.1,50.0,39.8,29.5,19.3,9.1,0.0,0.0
2070-03,100.0,89.9,79.7,69.6,59.4,49.3,39.1,29.0,18.8,8.7,0.0,0.0
2070-04,100.0,90.0,80.0,70.0,60.0,50.0,40.0,30.0,20.0,10.0,0.0,0.0
2070-05,100.0,89.8,79.7,69.5,59.9,49.7,39.6,29.9,19.8,9.6,0.0,0.0
2070-06,100.0,89.8,79.6,69.4,59.9,49.7,39.5,29.9,19.7,9.6,0.0,0.0
2070-07,100.0,89.8,79.6,69.9,59.7,50.0,39.8,29.6,19.9,9.7,0.0,0.0
2070-08,100.0,89.5,79.7,69.9,59.4,49.6,39.8,29.3,19.5,9.8,0.0,0.0
2070-09,100.0,90.0,80.0,70.0,60.0,50.0,40.0,30.0,20.0,10.0,0.0,0.0
2070-10,100.0,89.6,80.0,69.6,60.0,49.6,40.0,29.6,20.0,9.6,0.0,0.0
2070-11,100.0,89.2,79.4,69.6,59.8,49.0,39.2,29.4,19.6,9.8,0.0,0.0
2070-12,100.0,89.2,79.5,69.9,59.0,49.4,39.8,28.9,19.3,9.6,0.0,0.0
2071-01,100.0,89.9,79.9,69.8,59.8,49.7,39.7,29.6,19.6,9.5,0.0,0.0
2071-02,100.0,89.7,79.3,69.8,59.5,49.1,39.7,29.3,19.8,9.5,0.0,0.0
2071-03,100.0,89.6,79.8,69.9,59.6,49.7,39.9,29.5,19.7,9.8,0.0,0.0
2071-04,100.0,89.5,78.9,69.7,59.2,50.0,39.5,28.9,19.7,9.2,0.0,0.0
2071-05,100.0,89.8,79.7,69.5,59.3,49.2,39.0,28.8,18.6,8.5,0.0,0.0
2071-06,100.0,89.3,79.5,69.7,59.8,49.2,39.3,29.5,19.7,9.8,0.0,0.0
2071-07,100.0,89.7,80.0,69.7,60.0,49.7,40.0,29.7,20.0,9.7,0.0,0.0
2071-08,100.0,89.7,79.4,69.1,59.8,49.5,39.2,29.9,19.6,9.3,0.0,0.0
2071-09,100.0,89.9,79.8,69.7,59.7,49.6,39.5,29.4,19.3,9.2,0.0,0.0
2071-10,100.0,89.9,79.9,69.8,59.7,49.7,39.6,29.5,19.5,9.4,0.0,0.0
2071-11,100.0,89.8,79.6,69.4,59.3,50.0,39.8,29.6,19.4,9.3,0.0,0.0
2071-12,100.0,88.2,78.4,68.6,58.8,49.0,39.2,29.4,19.6,9.8,0.0,0.0
2072-01,100.0,89.5,79.8,69.3,59.6,50.0,39.5,29.8,19.3,9.6,0.0,0.0
2072-02,100.0,89.4,79.5,69.7,59.8,50.0,39.4,29.5,19.7,9.8,0.0,0.0
2072-03,100.0,89.8,79.7,69.5,59.3,49.2,39.0,28.8,18.6,8.5,0.0,0.0
2072-04,100.0,89.2,79.4,69.6,59.8,49.0,39.2,29.4,19.6,9.8,0.0,0.0
2072-05,100.0,89.8,79.7,69.5,59.4,50.0,39.8,29.7,19.5,9.4,0.0,0.0
2072-06,100.0,89.8,79.6,69.4,59.3,50.0,39.8,29.6,19.4,9.3,0.0,0.0
2072-07,100.0,89.9,79.9,69.8,59.8,49.7,39.7,29.6,19.6,9.5,0.0,0.0
2072-08,100.0,89.7,79.4,69.1,59.8,49.5,39.2,29.9,19.6,9.3,0.0,0.0
2072-09,100.0,89.9,79.8,69.7,59.6,50.0,39.9,29.8,19.7,9.6,0.0,0.0
2072-10,100.0,89.5,79.7,69.8,59.9,50.0,39.5,29.7,19.8,9.9,0.0,0.0
2072-11,100.0,88.7,78.9,69.0,59.2,49.3,39.4,29.6,19.7,9.9,0.0,0.0
2072-12,100.0,89.9,79.9,69.8,59.7,49.7,39.6,29.5,19.5,9.4,0.0,0.0
2073-01,100.0,89.8,79.6,69.4,59.9,49.7,39.5,29.9,19.7,9.5,0.0,0.0
2073-02,100.0,89.2,79.7,68.9,59.5,50.0,39.2,29.7,18.9,9.5,0.0,0.0
2073-03,100.0,89.6,79.2,68.8,59.7,49.4,39.0,29.9,19.5,9.1,0.0,0.0
2073-04,100.0,89.5,79.6,69.8,59.9,50.0,39.5,29.6,19.8,9.9,0.0,0.0
2073-05,100.0,89.4,79.8,69.1,59.6,50.0,39.4,29.8,19.1,9.6,0.0,0.0
2073-06,100.0,89.7,79.5,69.2,59.8,49.6,39.3,29.9,19.7,9.4,0.0,0.0
2073-07,100.0,89.3,78.6,69.6,58.9,48.2,39.3,28.6,19.6,8.9,0.0,0.0
2073-08,100.0,89.8,79.6,69.4,59.2,50.0,39.8,29.6,19.4,9.2,0.0,0.0
2073-09,100.0,89.8,79.6,69.9,59.7,50.0,39.8,29.6,19.9,9.7,0.0,0.0
2073-10,100.0,89.4,79.5,69.7,59.8,50.0,39.4,29.5,19.7,9.8,0.0,0.0
2073-11,100.0,89.9,79.8,69.7,59.6,50.0,39.9,29.8,19.7,9.6,0.0,0.0
2073-12,100.0,89.8,79.7,69.5,59.9,49.7,39.6,29.9,19.8,9.6,0.0,0.0
2074-01,100.0,89.3,79.5,69.7,59.8,49.2,39.3,29.5,19.7,9.8,0.0,0.0
2074-02,100.0,89.5,80.0,69.5,60.0,49.5,40.0,29.5,20.0,9.5,0.0,0.0
2074-03,100.0,89.7,80.0,69.7,60.0,49.7,40.0,29.7,20.0,9.7,0.0,0.0
2074-04,100.0,88.9,79.0,69.1,59.3,49.4,39.5,29.6,19.8,9.9,0.0,0.0
2074-05,100.0,89.1,80.0,69.1,60.0,49.1,40.0,29.1,20.0,9.1,0.0,0.0
2074-06,100.0,89.7,79.9,69.6,59.8,49.5,39.7,29.9,19.6,9.8,0.0,0.0
2074-07,100.0,89.4,79.7,69.9,59.3,49.6,39.8,29.3,19.5,9.8,0.0,0.0
2074-08,100.0,89.6,79.8,69.9,59.5,49.7,39.9,29.4,19.6,9.8,0.0,0.0
2074-09,100.0,89.5,78.9,69.7,59.2,50.0,39.5,28.9,19.7,9.2,0.0,0.0
2074-10,100.0,89.3,79.6,69.9,59.2,49.5,39.8,29.1,19.4,9.7,0.0,0.0
2074-11,100.0,89.6,79.9,69.4,59.7,50.0,39.6,29.9,19.4,9.7,0.0,0.0
2074-12,100.0,89.8,79.5,69.9,59.7,50.0,39.8,29.5,19.9,9.7,0.0,0.0
2075-01,100.0,90.0,80.0,70.0,60.0,50.0,40.0,30.0,20.0,10.0,0.0,0.0
2075-02,100.0,89.1,79.7,68.8,59.4,50.0,39.1,29.7,18.8,9.4,0.0,0.0
2075-03,100.0,89.5,79.6,69.6,59.7,49.7,39.8,29.8,19.9,9.9,0.0,0.0
2075-04,100.0,89.4,79.6,69.7,59.9,50.0,39.4,29.6,19.7,9.9,0.0,0.0
2075-05,100.0,89.5,79.7,69.8,59.9,50.0,39.5,29.7,19.8,9.9,0.0,0.0
2075-06,100.0,89.3,79.5,69.7,59.8,49.2,39.3,29.5,19.7,9.8,0.0,0.0
2075-07,100.0,89.8,79.6,69.9,59.7,50.0,39.8,29.6,19.9,9.7,0.0,0.0
2075-08,100.0,89.4,79.4,69.5,59.6,49.6,39.7,29.8,19.9,9.9,0.0,0.0
2075-09,100.0,89.4,78.8,69.7,59.1,50.0,39.4,28.8,19.7,9.1,0.0,0.0
2075-10,100.0,89.1,79.3,69.6,59.8,48.9,39.1,29.3,19.6,9.8,0.0,0.0
2075-11,100.0,90.0,80.0,70.0,60.0,50.0,40.0,30.0,20.0,10.0,0.0,0.0
2075-12,100.0,90.0,80.0,70.0,60.0,50.0,40.0,30.0,20.0,10.0,0.0,0.0
2076-01,100.0,89.8,79.5,69.3,59.1,50.0,39.8,29.5,19.3,9.1,0.0,0.0
2076-02,100.0,89.5,79.6,69.8,59.9,50.0,39.5,29.6,19.8,9.9,0.0,0.0
2076-03,100.0,90.0,80.0,70.0,60.0,50.0,40.0,30.0,20.0,10.0,0.0,0.0
2076-04,100.0,89.6,79.2,69.8,59.4,49.0,39.6,29.2,19.8,9.4,0.0,0.0
2076-05,100.0,89.3,79.5,69.6,59.8,49.1,39.3,29.5,19.6,9.8,0.0,0.0
2076-06,100.0,89.9,79.9,69.8,59.7,49.7,39.6,29.6,19.5,9.4,0.0,0.0
2076-07,100.0,89.8,79.7,69.5,59.3,50.0,39.8,29.7,19.5,9.3,0.0,0.0
2076-08,100.0,89.1,79.3,69.6,59.8,48.9,39.1,29.3,19.6,9.8,0.0,0.0
2076-09,100.0,89.2,79.5,69.9,59.0,49.4,39.8,28.9,19.3,9.6,0.0,0.0
2076-10,100.0,89.9,79.8,69.7,59.6,49.4,39.3,29.2,19.1,9.0,0.0,0.0
2076-11,100.0,90.0,80.0,70.0,60.0,50.0,40.0,30.0,20.0,10.0,0.0,0.0
2076-12,100.0,89.2,79.3,69.4,59.5,49.5,39.6,29.7,19.8,9.9,0.0,0.0
2077-01,100.0,89.7,79.4,69.2,59.8,49.5,39.3,29.9,19.6,9.3,0.0,0.0
2077-02,100.0,89.5,79.8,69.4,59.7,50.0,39.5,29.8,19.4,9.7,0.0,0.0
2077-03,100.0,89.2,80.0,69.2,60.0,49.2,40.0,29.2,20.0,9.2,0.0,0.0
2077-04,100.0,89.3,79.4,69.5,59.5,49.6,39.7,29.8,19.8,9.9,0.0,0.0
2077-05,100.0,89.5,79.7,69.9,59.4,49.7,39.9,29.4,19.6,9.8,0.0,0.0
2077-06,100.0,89.7,79.4,69.1,59.8,49.5,39.2,29.9,19.6,9.3,0.0,0.0
2077-07,100.0,89.8,79.7,69.5,59.9,49.7,39.6,29.9,19.8,9.6,0.0,0.0
2077-08,100.0,89.3,79.4,69.5,59.5,49.6,39.7,29.8,19.8,9.9,0.0,0.0
2077-09,100.0,89.7,79.3,69.0,59.8,49.4,39.1,29.9,19.5,9.2,0.0,0.0
2077-10,100.0,89.8,79.5,69.9,59.7,50.0,39.8,29.5,19.9,9.7,0.0,0.0
2077-11,100.0,89.7,79.4,69.1,58.8,50.0,39.7,29.4,19.1,8.8,0.0,0.0
2077-12,100.0,89.3,79.5,69.6,59.8,49.1,39.3,29.5,19.6,9.8,0.0,0.0
2078-01,100.0,89.7,79.4,69.8,59.5,49.2,39.7,29.4,19.8,9.5,0.0,0.0
2078-02,100.0,90.0,80.0,70.0,60.0,50.0,40.0,30.0,20.0,10.0,0.0,0.0
2078-03,100.0,89.4,79.5,69.5,59.6,49.7,39.7,29.8,19.9,9.9,0.0,0.0
2078-04,100.0,89.5,79.8,69.3,59.6,50.0,39.5,29.8,19.3,9.6,0.0,0.0
2078-05,100.0,89.9,79.9,69.8,59.8,49.7,39.6,29.6,19.5,9.5,0.0,0.0
2078-06,100.0,90.0,80.0,70.0,60.0,50.0,40.0,30.0,20.0,10.0,0.0,0.0
2078-07,100.0,89.5,78.9,68.4,59.6,49.1,38.6,29.8,19.3,8.8,0.0,0.0
2078-08,100.0,89.3,79.5,69.7,59.8,49.2,39.3,29.5,19.7,9.8,0.0,0.0
2078-09,100.0,89.6,79.8,69.9,59.6,49.7,39.9,29.5,19.7,9.8,0.0,0.0
2078-10,100.0,89.7,79.5,69.9,59.6,50.0,39.7,29.5,19.9,9.6,0.0,0.0
2078-11,100.0,89.9,79.7,69.6,59.4,50.0,39.9,29.7,19.6,9.4,0.0,0.0
2078-12,100.0,89.8,79.5,69.3,59.1,50.0,39.8,29.5,19.3,9.1,0.0,0.0
2079-01,100.0,89.5,79.6,69.8,59.9,50.0,39.5,29.6,19.8,9.9,0.0,0.0
2079-02,100.0,89.6,79.2,68.8,59.7,49.4,39.0,29.9,19.5,9.1,0.0,0.0
2079-03,100.0,89.7,79.5,69.9,59.6,50.0,39.7,29.5,19.9,9.6,0.0,0.0
2079-04,100.0,89.5,79.1,69.8,59.3,50.0,39.5,29.1,19.8,9.3,0.0,0.0
2079-05,100.0,89.8,79.6,69.9,59.7,50.0,39.8,29.6,19.9,9.7,0.0,0.0
2079-06,100.0,89.3,79.4,69.5,59.5,49.6,39.7,29.8,19.8,9.9,0.0,0.0
2079-07,100.0,89.5,80.0,69.5,60.0,49.5,40.0,29.5,20.0,9.5,0.0,0.0
2079-08,100.0,89.6,79.9,69.4,59.7,50.0,39.6,29.9,19.4,9.7,0.0,0.0
2079-09,100.0,88.2,78.4,68.6,58.8,49.0,39.2,29.4,19.6,9.8,0.0,0.0
2079-10,100.0,89.7,79.4,69.2,59.8,49.5,39.3,29.9,19.6,9.3,0.0,0.0
2079-11,100.0,89.7,79.5,69.9,59.6,50.0,39.7,29.5,19.9,9.6,0.0,0.0
2079-12,100.0,89.5,79.7,69.8,59.9,50.0,39.5,29.7,19.8,9.9,0.0,0.0
2080-01,100.0,89.6,79.8,69.9,59.5,49.7,39.9,29.4,19.6,9.8,0.0,0.0
2080-02,100.0,89.7,79.5,69.9,59.6,50.0,39.7,29.5,19.9,9.6,0.0,0.0
2080-03,100.0,89.5,79.1,69.8,59.3,50.0,39.5,29.1,19.8,9.3,0.0,0.0
2080-04,100.0,89.8,79.7,69.5,59.4,50.0,39.8,29.7,19.5,9.4,0.0,0.0
2080-05,100.0,89.4,79.4,69.5,59.6,49.6,39.7,29.8,19.9,9.9,0.0,0.0
2080-06,100.0,89.6,79.1,68.7,59.7,49.3,38.8,29.9,19.4,9.0,0.0,0.0
2080-07,100.0,89.8,79.6,69.4,59.9,49.7,39.5,29.9,19.7,9.5,0.0,0.0
2080-08,100.0,89.3,79.5,69.6,59.8,49.1,39.3,29.5,19.6,9.8,0.0,0.0
2080-09,100.0,89.9,79.9,69.8,59.8,49.7,39.7,29.6,19.6,9.5,0.0,0.0
2080-10,100.0,89.9,79.8,69.7,59.6,50.0,39.9,29.8,19.7,9.6,0.0,0.0
2080-11,100.0,88.7,79.2,69.8,58.5,49.1,39.6,28.3,18.9,9.4,0.0,0.0
2080-12,100.0,89.7,79.9,69.6,59.8,49.5,39.7,29.9,19.6,9.8,0.0,0.0
2081-01,100.0,90.0,80.0,70.0,60.0,50.0,40.0,30.0,20.0,10.0,0.0,0.0
2081-02,100.0,89.7,79.5,69.9,59.6,50.0,39.7,29.5,19.9,9.6,0.0,0.0
2081-03,100.0,89.3,79.6,69.9,59.2,49.5,39.8,29.1,19.4,9.7,0.0,0.0
2081-04,100.0,89.8,79.6,69.3,59.9,49.6,39.4,29.9,19.7,9.5,0.0,0.0
2081-05,100.0,89.7,79.5,69.2,59.8,49.6,39.3,29.9,19.7,9.4,0.0,0.0
2081-06,100.0,89.9,79.8,69.7,59.6,50.0,39.9,29.8,19.7,9.6,0.0,0.0
2081-07,100.0,89.4,79.8,69.2,59.6,50.0,39.4,29.8,19.2,9.6,0.0,0.0
2081-08,100.0,88.5,78.8,69.2,59.6,50.0,38.5,28.8,19.2,9.6,0.0,0.0
2081-09,100.0,90.0,80.0,70.0,60.0,50.0,40.0,30.0,20.0,10.0,0.0,0.0
2081-10,100.0,89.9,79.8,69.7,59.6,50.0,39.9,29.8,19.7,9.6,0.0,0.0
2081-11,100.0,89.4,79.5,69.5,59.6,49.7,39.7,29.8,19.9,9.9,0.0,0.0
2081-12,100.0,89.7,79.3,69.0,59.8,49.4,39.1,29.9,19.5,9.2,0.0,0.0
2082-01,100.0,89.6,79.9,69.4,59.7,50.0,39.6,29.9,19.4,9.7,0.0,0.0
2082-02,100.0,89.6,79.7,69.8,59.9,50.0,39.6,29.7,19.8,9.9,0.0,0.0
2082-03,100.0,89.4,79.4,69.5,59.6,49.6,39.7,29.8,19.9,9.9,0.0,0.0
2082-04,100.0,90.0,80.0,70.0,60.0,50.0,40.0,30.0,20.0,10.0,0.0,0.0
2082-05,100.0,89.9,79.7,69.6,59.5,50.0,39.9,29.7,19.6,9.5,0.0,0.0
2082-06,100.0,89.6,79.2,69.8,59.4,49.0,39.6,29.2,19.8,9.4,0.0,0.0
2082-07,100.0,89.5,79.7,69.9,59.4,49.6,39.8,29.3,19.5,9.8,0.0,0.0
2082-08,100.0,89.4,79.5,69.7,59.8,50.0,39.4,29.5,19.7,9.8,0.0,0.0
2082-09,100.0,89.3,79.8,69.0,59.5,50.0,39.3,29.8,19.0,9.5,0.0,0.0
2082-10,100.0,89.8,79.7,69.5,59.3,50.0,39.8,29.7,19.5,9.3,0.0,0.0
2082-11,100.0,89.9,79.8,69.7,59.6,50.0,39.9,29.8,19.7,9.6,0.0,0.0
2082-12,100.0,89.9,79.9,69.8,59.8,49.7,39.7,29.6,19.6,9.5,0.0,0.0
2083-01,100.0,89.5,78.9,69.7,59.2,50.0,39.5,28.9,19.7,9.2,0.0,0.0
2083-02,100.0,89.5,80.0,69.5,60.0,49.5,40.0,29.5,20.0,9.5,0.0,0.0
2083-03,100.0,88.9,79.2,69.4,59.7,50.0,38.9,29.2,19.4,9.7,0.0,0.0
2083-04,100.0,90.0,80.0,70.0,60.0,50.0,40.0,30.0,20.0,10.0,0.0,0.0
